Gene.symbol,logFC
gnsB,3.7
sulA,2.54
recN,2.16
c4435,2.14
dinI,2.11
c2757,2.08
c1431,2.05
gabP,2
recA,1.91
ECs5456,1.91
speB,1.91
gnd,1.9
yebG,1.89
c1464,1.86
Z2071,1.81
pta,1.79
narK,1.79
yigN,1.73
yfcB,1.72
dinG,1.71
ECs2230,1.7
nrdA,1.67
Z5883,1.67
fabF,1.65
yebF,1.6
hypE,1.6
sbmC,1.59
c2484,1.57
sdaC,1.56
uvrB,1.55
napD,1.54
ECs2526,1.54
ECs2890,1.53
tdcC,1.52
umuD,1.51
sdhA,1.5
rpsU,1.49
ygaM,1.49
ruvA,1.48
psrD,1.46
yeeA,1.46
ECs0818,1.46
rfbB,1.44
Z4316,1.43
acnB,1.43
Z1785,1.43
prsA,1.42
rimM,1.42
c4578,1.42
c4090,1.4
ycfC,1.4
moeA,1.39
fabH,1.39
pepN,1.39
yfeX,1.39
gatZ,1.38
Z0341,1.37
yfbB,1.37
c5455,1.36
Z1655,1.35
focA_2,1.35
c4069,1.34
glmY,1.34
nikA,1.34
rpsP,1.34
lolB,1.34
ECs3003,1.34
yecH,1.33
c1602,1.33
yceD,1.32
rfbD,1.32
accD,1.31
nrdB,1.31
rplT,1.31
Z1887,1.31
napF,1.3
c0864,1.3
yeeN,1.3
hypD,1.3
yeaE,1.3
Z1370,1.3
nuoF,1.3
glnP,1.29
sdaB,1.29
tyrS,1.28
ydjQ,1.28
c4084,1.28
pepP,1.28
yacK,1.28
c2047,1.28
mnmA,1.27
plsX,1.27
c1465,1.27
bioD,1.26
c5221,1.26
agp,1.26
c2839,1.25
yfcE,1.24
hemA,1.24
hslV,1.24
nikC,1.24
Z5331,1.24
ybjN,1.23
purB,1.23
tsx,1.23
c1040,1.23
c4088,1.22
thrS,1.22
rfbC,1.21
ycfF,1.21
maeB,1.21
tdh,1.21
Z1373,1.21
mltD,1.21
yceO,1.21
ECs1593,1.21
Z3101,1.2
nupC,1.2
nfo,1.2
ygaW,1.2
Z2789,1.2
yoaA,1.2
c4519,1.2
c3654,1.2
ydhD,1.19
Z4325,1.19
btuB,1.19
Z1365,1.19
c4067,1.18
ntpA,1.18
appY,1.18
uxuB,1.18
Z4184,1.18
ybaM,1.17
dfrA1,1.17
asnC,1.16
Z0953,1.16
c4086,1.16
rhaA,1.16
dcp,1.15
c3818,1.15
c0018,1.15
nuoG,1.15
hypC,1.15
c3139,1.14
c3668,1.14
yjjW,1.14
argS,1.14
wbbJ,1.13
yeaF,1.13
ackA,1.13
wzxB,1.13
c0426,1.13
hrpB,1.12
bglA,1.12
ispA,1.12
Z6035,1.12
c1513,1.12
Z4313,1.12
Z2042,1.12
yqgB,1.11
hrpA,1.11
tig,1.11
fis,1.11
htpG,1.11
c4081,1.11
trmD,1.11
c1883,1.11
ECs1173,1.11
uidR,1.1
wbbI,1.1
prfB,1.1
topB,1.1
prmB,1.1
yeaZ,1.1
Z1428,1.1
c4310,1.1
c1516,1.1
Z3938,1.1
ybiB,1.1
c3596,1.1
Z3074,1.1
polB,1.09
rpiR,1.09
glf,1.09
ECs2971,1.09
mrcB,1.09
Z0979,1.09
prc,1.08
recR,1.08
pspD,1.08
c1267,1.08
ompC,1.08
ydiU,1.07
mukF,1.07
dnaX,1.07
gyrA,1.07
fabG,1.07
c4115,1.07
c4015,1.07
c2455,1.07
Z3289,1.07
ycfQ,1.07
rnt,1.07
ndh,1.06
aroC,1.06
ECs1125,1.06
c4977,1.06
gabT,1.06
moeB,1.06
grpE,1.05
ribA,1.05
ECs1375,1.05
mepA,1.05
ychS,1.05
fldA,1.04
infA,1.04
potG,1.04
prfA,1.04
c1234,1.04
fabI,1.04
ybiK,1.04
uxuA,1.04
ftsK,1.04
c2535,1.04
Z5027,1.04
Z2393,1.04
moaA,1.03
yoaB,1.03
pbpG,1.03
c4064,1.03
c2225,1.03
fumC,1.03
c0797,1.03
zwf,1.03
c3545,1.03
mutL,1.03
metG,1.03
greA,1.02
trxB,1.02
menD,1.02
purR,1.02
yedD,1.02
Z2972,1.02
gapC,1.02
pheS,1.02
rimK,1.02
ghoT,1.02
pepD,1.02
Z6064,1.02
fabD,1.02
ECs4958,1.02
c2510,1.02
c2525,1.02
ybbN,1.01
slyA,1.01
c4780,1.01
c1418,1.01
ycfL,1.01
c2723,1.01
fdnG,1.01
priC,1.01
c0260,1.01
pdxH,1
nusB,1
rpmF,1
yfcA,1
ymfE,1
c2964,1
sdaA,0.995
deaD,0.995
gatD,0.995
galE,0.995
rpmI,0.995
ECs5531,0.995
ipk,0.99
dinP,0.99
dnaJ,0.99
cspA,0.99
yehD,0.99
kpsE,0.99
c3339,0.99
lolA,0.985
yleA,0.985
truA,0.985
waaD,0.985
napG,0.985
ECs0272,0.985
c4576,0.985
cysM,0.985
mltB,0.985
groES,0.98
rpmA,0.98
rsuA,0.98
pspE,0.98
ybdQ,0.98
Z6071,0.98
valS,0.98
dppD,0.98
Z2122,0.98
ydbJ,0.975
glyA,0.975
glnS,0.975
c0291,0.975
c0133,0.975
smtA,0.97
c4894,0.97
rpsI,0.97
ECs5426,0.97
ydhC,0.97
xthA,0.97
Z5139,0.97
menC,0.97
proQ,0.965
aspS,0.965
folD,0.96
usg,0.96
c4113,0.96
Z1543,0.96
c2398,0.96
rplM,0.955
ECs1234,0.955
ECs1528,0.955
Z2257,0.955
ECs1320,0.955
c4521,0.955
cutC,0.95
ychF,0.95
ECs2200,0.95
c4571,0.95
c1201,0.95
deoD,0.95
cysU,0.95
ECs2765,0.95
fabA,0.945
ychA,0.945
secA,0.945
nlpB,0.945
c1220,0.945
udk,0.94
ispD,0.94
c2885,0.94
yjdK,0.94
c2207,0.94
c1185,0.94
tmk,0.935
c1094,0.935
pdxB,0.93
ruvB,0.93
ffh,0.93
fucI,0.93
lexA,0.93
hypF,0.93
Z5339,0.93
ECs2758,0.93
c3575,0.93
Z4802,0.93
ECs1962,0.93
c3363,0.925
papX,0.925
c0778,0.925
rpsJ,0.925
dedA,0.92
ybfE,0.92
Z5488,0.92
nikD,0.92
ECs1588,0.92
mreB,0.915
umuC,0.915
lysS,0.915
yfbV,0.915
cmk,0.915
bglX,0.915
yajC,0.91
c0272,0.91
yfcD,0.905
pspA,0.905
ccmA,0.905
panB,0.905
manA,0.905
Z3081,0.905
c2442,0.9
Z6062,0.9
xseB,0.895
c1112,0.895
c2020,0.895
mrp,0.895
narH,0.895
hscA,0.89
hflX,0.89
ycaJ,0.89
ycaO,0.885
mdoG,0.885
c4059,0.885
c1514,0.885
yccM,0.885
Z1447,0.885
Z1602,0.885
glnQ,0.88
yebK,0.88
dppC,0.88
hscB,0.88
ybiS,0.88
c0325,0.88
ydiD,0.88
ECs3783,0.88
Z0974,0.88
ECs4970,0.88
Z3342,0.88
trpH,0.875
narL,0.875
ppsA,0.875
Z3719,0.875
Z2357,0.875
ECs5415,0.87
gltX,0.87
kdsA,0.87
pgsA,0.87
mlc,0.865
rpsT,0.865
nrdR,0.865
dacA,0.865
ydaL,0.865
ldhA,0.865
rfbA,0.865
dnaA,0.865
pheP,0.865
ycjX,0.865
Z1640,0.865
Z1914,0.865
holC,0.86
wbbK,0.86
purU,0.86
sodC,0.86
Z4405,0.86
c0973,0.86
osmC,0.86
mdaA,0.855
rlpB,0.855
yfhO,0.855
c4078,0.855
ybeD,0.855
yhiV,0.855
ECs3509,0.85
ECs5364,0.85
pheT,0.85
yfaE,0.85
rpmC,0.85
ygaD,0.85
c0552,0.85
rplD,0.85
napH,0.85
dnaK,0.85
Z1554,0.85
Z2969,0.85
Z2542,0.85
intT,0.85
c3616,0.85
Z4330,0.85
c1363,0.85
ECs4536,0.85
c3581,0.85
lepA,0.845
ydjE,0.845
c3819,0.845
c1594,0.845
c1091,0.845
yacA,0.845
marR,0.845
rpmH,0.845
ECs2772,0.845
c5384,0.845
Z0388,0.845
obgE,0.84
rpoH,0.84
Z0248,0.84
yfgB,0.84
rplI,0.84
ybhE,0.84
sms,0.84
dapA,0.84
ydbL,0.84
c5161,0.84
Z1628,0.84
hybD,0.84
yncB,0.835
yqiA,0.835
c1959,0.835
c1462,0.835
Z4065,0.835
c3401,0.835
c1572,0.835
pepE,0.83
ruvC,0.83
Z0990,0.83
seqA,0.83
ycdZ,0.83
c3054,0.83
pncB,0.83
yjgB,0.83
c5147,0.83
c4985,0.83
livG,0.83
c0254,0.83
adk,0.825
c3055,0.825
parE,0.825
ybbB,0.825
malX,0.825
c5171,0.825
Z2057,0.825
c2985,0.825
waaY,0.825
c3685,0.82
recJ,0.82
tehB,0.82
pdxY,0.82
ribD,0.82
paaX,0.82
nudF,0.82
macB,0.82
fhlA,0.82
sohB,0.82
ydfM,0.82
menE,0.82
c3653,0.82
ECs5400,0.82
Z6041,0.82
c0391,0.82
Z1629m,0.82
yfhP,0.815
rpsO,0.815
moaE,0.815
glnH,0.815
eda,0.815
cydD,0.815
yjjI,0.815
Z1625,0.815
c1524,0.815
kdtA,0.815
yciO,0.81
rrmJ,0.81
ybgF,0.81
c3770,0.81
c0897,0.81
ECs3854,0.81
yciS,0.81
ECs1569,0.81
yqaA,0.805
yciL,0.805
tolR,0.805
secD,0.805
ydiH,0.805
yrfH,0.805
ydfG,0.805
Z3098,0.805
wzzB,0.805
rplQ,0.805
ECs2202,0.805
c2439,0.805
c0288,0.805
Z5138,0.805
Z3311,0.805
ECs1575,0.805
yicI,0.805
lpxD,0.8
c3487,0.8
pflA,0.8
yfhQ,0.8
ycfM,0.8
rnhB,0.8
yjcX,0.8
rnfD,0.8
gloA,0.8
Z4883,0.8
ECs4946,0.8
yiiE,0.8
dcd,0.795
ccmD,0.795
dsbB,0.795
ubiF,0.795
c0307,0.795
yccV,0.795
osmB,0.795
c1601,0.795
ygiA,0.795
c3162,0.795
c1541,0.79
hemL,0.79
pspC,0.79
ogrK,0.79
c2021,0.79
yohI,0.79
Z2086,0.79
Z0321,0.79
ydgH,0.79
c0807,0.79
oppB,0.785
c1650,0.785
wbdN,0.785
c3786,0.785
c1266,0.785
fadL,0.78
pitA,0.78
wbbH,0.78
ydbK,0.78
ybeZ,0.78
Z5102,0.78
napA,0.78
Z5128,0.78
c3632,0.775
tatE,0.775
chuT,0.775
c2521,0.775
ECs4956,0.775
secE,0.775
ydhF,0.775
c5166,0.775
ECs1585,0.775
Z0966,0.775
cysP,0.775
c3205,0.775
c4532,0.775
rplB,0.77
c4542,0.77
c5216,0.77
yibN,0.765
ydgJ,0.765
ECs0240,0.765
ymfD,0.765
rnpA,0.765
c1980,0.765
rpsK,0.765
hisB,0.765
c3702,0.765
c4486,0.765
c1486,0.765
ECs5413,0.765
yjeS,0.765
Z0402,0.765
nadR,0.765
Z1636,0.765
Z2385,0.765
ksgA,0.76
slyD,0.76
marA,0.76
c0590,0.76
Z5114,0.76
ECs2983,0.76
add,0.755
ybaB,0.755
ECs2995,0.755
c4738,0.755
ECs5374,0.755
rseB,0.755
Z5118,0.755
c1695,0.755
c1249,0.755
c0396,0.755
tnaB,0.755
Z1576,0.755
yeiI,0.755
c4222,0.755
Z1088,0.755
c4561,0.755
Z1808,0.755
yjiK,0.755
Z3123,0.755
paaY,0.75
yigU,0.75
yejK,0.75
cdd,0.75
fucK,0.75
ptsG,0.75
ECs1312,0.75
ybeX,0.75
cysS,0.75
Z6042,0.75
c1939,0.75
c3158,0.75
Z0251,0.75
ECs1167,0.75
fumA,0.75
ECs2182,0.75
c4525,0.75
Z2384,0.75
atpE,0.745
ycdX,0.745
c0205,0.745
ydfH,0.745
Z1609,0.745
c0397,0.745
pepT,0.745
Z2259,0.745
c3336,0.745
Z3621,0.745
mdaB,0.74
guaA,0.74
mltA,0.74
yciT,0.74
c1518,0.74
yigL,0.74
c1891,0.74
nadE,0.74
uvrA,0.74
c2114,0.74
c5198,0.74
papE,0.74
yiiF,0.74
xerC,0.74
ybiT,0.735
anmK,0.735
dsbC,0.735
pspB,0.735
fabZ,0.735
rpsB,0.735
ynaI,0.735
bcr,0.735
rplC,0.735
galT,0.735
pykA,0.735
rydB,0.735
Z3943,0.735
Z1774,0.735
intP_1,0.735
ECs1983,0.735
c0956,0.735
Z1490,0.735
apt,0.73
pgm,0.73
ydgK,0.73
ECs2196,0.73
mukE,0.73
c5060,0.73
ppiB,0.73
Z1290,0.73
Z2337,0.73
kdpD,0.73
c1549,0.73
c2564,0.73
Z3118,0.73
ybcM,0.725
c0823,0.725
ygfX,0.725
cysK,0.725
atpF,0.725
c2837,0.725
apaG,0.725
Z3620,0.725
ECs1357,0.725
c2458,0.725
c1458,0.725
ybfA,0.725
hlyC,0.725
c4540,0.725
c3577,0.725
hepA,0.725
c5477,0.72
dsrB,0.72
topA,0.72
spy,0.72
pyrL,0.72
c1470,0.72
Z3372,0.72
nusG,0.72
ydhQ,0.72
yehT,0.72
atpH,0.72
Z1530,0.72
chuX,0.72
renP,0.72
mrcA,0.72
Z2395,0.72
yrbK,0.715
thiK,0.715
pfs,0.715
ycbL,0.715
pyrH,0.715
tolQ,0.715
paaJ,0.715
glpK,0.715
c0429,0.715
Z2338,0.715
ileS,0.715
c3242,0.715
c3189,0.715
pphB,0.715
Z1339,0.715
prfH,0.715
potF,0.715
yegD,0.715
tgt,0.71
ribF,0.71
yigP,0.71
nuoM,0.71
htpX,0.71
cvpA,0.71
ycjG,0.71
c4541,0.71
nmpC,0.71
rpsN,0.71
Z5903,0.71
kdpB,0.71
Z5881,0.71
Z0328,0.71
c1812,0.71
Z0977,0.71
ulaA,0.71
tppB,0.705
ycfU,0.705
dedD,0.705
proS,0.705
Z1323,0.705
dppB,0.705
yeaK,0.705
ycdC,0.705
ycbC,0.705
glpT,0.705
sucC,0.705
ECs4966,0.705
yebA,0.7
ybgK,0.7
dicA,0.7
tktB,0.7
ydjN,0.7
yehU,0.7
ribE,0.7
Z2152,0.7
fhuF,0.7
Z0521,0.7
Z1817,0.7
c2383,0.7
c1188,0.7
papD_2,0.7
focC,0.7
c1544,0.7
c0298,0.695
c1233,0.695
hypB,0.695
hslO,0.695
sucD,0.695
ECs0849,0.695
Z4882,0.695
sucA,0.695
yeiP,0.69
rnc,0.69
Z4069,0.69
rplS,0.69
ECs2198,0.69
c5357,0.69
nikB,0.69
Z5474,0.69
Z6075,0.69
gldA,0.69
c3395,0.69
Z3122,0.69
ECs5419,0.69
yajG,0.685
rlmL,0.685
rnk,0.685
c0137,0.685
rpsM,0.685
Z1772,0.685
c1205,0.685
c1206,0.685
yfcP,0.685
Z2097,0.685
ECs1538,0.685
Z6034,0.685
recX,0.68
c0820,0.68
yddW,0.68
c4786,0.68
ydaO,0.68
yehE,0.68
ynfD,0.68
ydhO,0.68
yebC,0.68
ECs2239,0.68
Z5223,0.68
c1423,0.68
Z1478,0.68
yjbG,0.675
ymfJ,0.675
zipA,0.675
speA,0.675
priB,0.675
ybhB,0.675
secG,0.675
znuA,0.675
ggt,0.675
nemA,0.675
c3338,0.675
lacZ,0.675
gltA,0.675
serC,0.675
ygjR,0.675
yggX,0.675
c3144,0.675
c1505,0.675
c3645,0.675
yggV,0.675
ECs4538,0.675
c5173,0.675
c1141,0.675
c3159,0.675
Z4403,0.67
tolA,0.67
c0813,0.67
Z5200,0.67
ybeB,0.67
Z1647,0.67
c3560,0.67
ECs3718,0.67
aceK,0.67
Z1346,0.67
rplU,0.665
flhD,0.665
Z1855,0.665
mdoH,0.665
fnr,0.665
ylbA,0.665
fadD,0.665
yfgM,0.665
c0284,0.665
Z0722,0.665
yedE,0.665
Z3917,0.665
c0163,0.665
Z6039,0.665
Z1386,0.665
Z1635,0.665
sgbE,0.665
malY,0.66
c1671,0.66
yccA,0.66
yfgL,0.66
ybgC,0.66
lpxA,0.66
ybeY,0.66
ychJ,0.66
rfaY,0.66
c3600,0.66
groEL,0.66
Z1642,0.66
c1413,0.66
c1207,0.66
c1453,0.66
rpsS,0.655
ynfI,0.655
Z3262,0.655
Z5131,0.655
slpA,0.655
holD,0.655
c2972,0.655
yehS,0.655
ECs1332,0.655
yebE,0.655
c1500,0.655
c1428,0.655
yihM,0.655
Z1541,0.655
yfiQ,0.655
c3292,0.655
Z0973,0.655
c3180,0.655
yniB,0.65
yfeH,0.65
pyrG,0.65
Z0245,0.65
yggU,0.65
yjjK,0.65
hflB,0.65
purA,0.65
sfcA,0.65
napC,0.65
fes,0.65
c3030,0.65
narZ,0.65
yfaQ,0.65
c1452,0.65
c0955,0.65
c2407,0.645
kdsB,0.645
potA,0.645
araC,0.645
c3343,0.645
hemK,0.645
relE,0.645
murQ,0.645
c2471,0.645
rttR,0.645
c5039,0.645
Z2992,0.645
Z5009,0.645
Z1773,0.645
rpsF,0.64
rplV,0.64
ftsB,0.64
ada,0.64
relB,0.64
galU,0.64
ftsY,0.64
yciN,0.64
folC,0.64
yqgA,0.64
c0410,0.64
c3173,0.64
clpB,0.64
ppk,0.64
spoT,0.64
yadC,0.64
mglB,0.64
Z4789,0.64
ECs2976,0.64
Z2311,0.635
yhbC,0.635
rpmG,0.635
ybgJ,0.635
modA,0.635
c0949,0.635
nuoB,0.635
yhaO,0.635
c2019,0.635
phoA,0.635
Z3359,0.635
c0963,0.635
afuA,0.635
betB,0.635
c1493,0.635
c4849,0.635
glmS,0.635
c3696,0.635
ECs5438,0.635
yrbA,0.63
yneI,0.63
ybjU,0.63
selD,0.63
Z1383,0.63
c0693,0.63
Z0982,0.63
Z1619,0.63
nrdD,0.63
c3651,0.63
Z0461,0.63
c1089,0.63
c2406,0.63
ECs5479,0.63
Z1626,0.63
yadN,0.63
Z1876,0.63
ECs4996,0.625
infC,0.625
rnd,0.625
c3755,0.625
yhbG,0.625
rdlA,0.625
intC,0.625
uidA,0.625
yacL,0.625
dnaG,0.62
yoeB,0.62
galF,0.62
atoC,0.62
rpiA,0.62
wbbL,0.62
fdnH,0.62
c0328,0.62
ECs5441,0.62
accA,0.62
menB,0.62
ECs2190,0.62
narG,0.62
stx2A,0.62
pcnB,0.62
clpX,0.62
Z1484,0.62
phrB,0.62
visC,0.615
Z5117,0.615
ECs2270,0.615
Z5213,0.615
ygfB,0.615
Z3271,0.615
c5059,0.615
modF,0.615
Z6047,0.615
yfcS,0.615
c2561,0.615
elaA,0.615
Z1219,0.615
c1463,0.615
gshB,0.615
proB,0.61
msbA,0.61
fdnI,0.61
rpmB,0.61
c2241,0.61
ubiG,0.61
Z2994,0.61
mfd,0.61
gtrB,0.61
Z5137,0.61
yeaY,0.61
Z5091,0.61
c5225,0.61
c2158,0.61
ECs4943,0.61
c0335,0.61
ECs4993,0.61
rpsQ,0.61
upp,0.61
cysJ,0.61
ECs5549,0.61
c3163,0.61
c3203,0.61
ydiK,0.61
Z2040,0.61
Z1431,0.61
ECs0353,0.61
ibpB,0.61
ndk,0.61
Z2093,0.61
ECs4968,0.61
c0329,0.61
c0336,0.61
c0303,0.61
c2898,0.61
vacJ,0.605
ECs5584,0.605
murE,0.605
flhC,0.605
rplW,0.605
ECs5412,0.605
ispZ,0.605
rplP,0.605
wbdR,0.605
c5174,0.605
ydcA,0.605
Z6037,0.605
mukB,0.605
Z0899,0.605
c1890,0.605
hpt,0.6
yecM,0.6
c1051,0.6
modE,0.6
Z1784,0.6
c5434,0.6
chuY,0.6
c3678,0.6
torA,0.6
gadB,0.6
Z0967,0.6
leuB,0.6
ECs0811,0.6
c1288,0.6
pfkB,0.595
dinD,0.595
ccmC,0.595
pssA,0.595
hokC,0.595
rpsH,0.595
c1259,0.595
yqgE,0.595
c1436,0.595
yidC,0.595
c0809,0.595
Z1820,0.595
Z6020,0.595
Z3918,0.595
ECs4962,0.595
Z3085,0.595
Z3109,0.595
Z2041,0.595
c3167,0.595
Z2565,0.595
ECs4983,0.595
Z2096,0.595
ECs5406,0.59
ribH,0.59
Z2978,0.59
c1533,0.59
gmhA,0.59
nuoC,0.59
Z0502,0.59
c0915,0.59
c1279,0.59
oppC,0.59
Z1957,0.59
ybhT,0.59
ftsQ,0.59
c0324,0.59
c3692,0.59
c0341,0.59
c0441,0.59
Z0265,0.59
ECs5482,0.59
yjcR,0.59
Z6045,0.59
Z2077,0.59
c3104,0.59
ygcB,0.59
sbcB,0.585
trmB,0.585
rpmJ,0.585
ydjB,0.585
holB,0.585
ydhE,0.585
prfC,0.585
xerD,0.585
fdoG,0.585
ybgL,0.585
yfbT,0.585
c3657,0.585
ygcN,0.585
Z5226,0.585
c4300,0.585
c3514,0.585
narY,0.585
yadL,0.585
ompA,0.585
c0359,0.585
yidR,0.585
cdsA,0.58
glnB,0.58
ychN,0.58
rpsC,0.58
rpoA,0.58
secY,0.58
rnb,0.58
yciC,0.58
manC,0.58
Z3091,0.58
yeiM,0.58
c0315,0.58
c1419,0.58
ybbP,0.58
Z3058,0.575
acpD,0.575
rluC,0.575
c1539,0.575
lpxB,0.575
nuoA,0.575
c0951,0.575
ppx,0.575
yfgE,0.575
Z0331,0.575
cysH,0.575
ECs3489,0.575
cysA,0.575
yihS,0.575
gntP,0.575
c3629,0.575
c2496,0.575
tdcE,0.575
Z1770,0.575
yehP,0.575
Z1819,0.575
c3650,0.575
Z2390,0.575
lomP,0.575
ECs1067,0.575
nagZ,0.57
pyrF,0.57
hisH,0.57
yffH,0.57
yghB,0.57
ubiB,0.57
paaK,0.57
srmB,0.57
Z3931,0.57
yggJ,0.57
mogA,0.57
Z2391,0.57
emrR,0.57
ECs4964,0.57
paaI,0.57
ECs4981,0.57
yaeT,0.57
ECs2991,0.57
c1276,0.57
Z2291,0.57
xapA,0.57
mreC,0.57
Z0373,0.57
tdcD,0.57
Z6012,0.57
Z3128,0.57
ECs5376,0.57
Z0267,0.57
yfcV,0.57
kbl,0.565
murG,0.565
c1556,0.565
rpsD,0.565
yhdG,0.565
dam,0.565
c2236,0.565
Z3079,0.565
ycfJ,0.565
ycjC,0.565
Z1646,0.565
ydiJ,0.565
Z2045,0.565
Z4170,0.565
Z4876,0.565
gatC,0.565
c3398,0.565
c3594,0.565
ykgA,0.565
Z5123,0.56
aroK,0.56
c1776,0.56
c0808,0.56
Z2367,0.56
surE,0.56
c1693,0.56
nusA,0.56
icc,0.56
ybiW,0.56
Z1569,0.56
yegQ,0.56
guaB,0.56
sepZ,0.56
ECs0951,0.56
c2662,0.56
c2740,0.56
Z1597,0.56
c3337,0.56
Z2374,0.56
yciK,0.555
ccmE,0.555
ygiB,0.555
dinF,0.555
fdx,0.555
slmA,0.555
yggT,0.555
ymcD,0.555
lon,0.555
elaB,0.555
metL,0.555
ECs1166,0.555
leuS,0.555
Z0340,0.555
rpoD,0.555
ECs5457,0.555
ldcC,0.555
Z0986,0.555
c1766,0.555
c4528,0.555
Z0948,0.555
c4223,0.555
moaD,0.55
yjeR,0.55
proA,0.55
ybjC,0.55
glpX,0.55
uup,0.55
iscA,0.55
rpsA,0.55
murA,0.55
ydc,0.55
btuE,0.55
yfhM,0.55
wzy,0.55
rihA,0.55
fadA,0.55
trkG,0.55
stx1B,0.55
dnaN,0.55
paaD,0.55
recG,0.55
Z3919,0.55
Z2445,0.55
papD,0.55
Z4878,0.55
ygjQ,0.55
Z0257,0.55
c3663,0.55
thiL,0.545
cls,0.545
paaF,0.545
yeeI,0.545
yheF,0.545
hnr,0.545
yeeD,0.545
Z1485,0.545
dnaC,0.545
c3712,0.545
recC,0.545
Z5489,0.545
c2515,0.545
c4442,0.545
mdlA,0.545
c2727,0.545
yodC,0.545
ligA,0.545
c2401,0.545
ydfP,0.545
ygcQ,0.545
Z1779,0.545
yhiE,0.545
trmE,0.545
c4898,0.545
truB,0.54
ydhM,0.54
ygaH,0.54
artM,0.54
yfgA,0.54
c0279,0.54
btuC,0.54
Z3121,0.54
c4210,0.54
c5030,0.54
Z1475,0.54
ECs5593,0.54
yheJ,0.54
papI,0.54
mipB,0.54
ECs1941,0.54
fliC,0.54
c2560,0.54
ilvI,0.54
ygeT,0.54
yhaD,0.54
Z5079,0.54
yhgH,0.535
mhpD,0.535
yecS,0.535
c4594,0.535
yhbY,0.535
c3647,0.535
speG,0.535
lysP,0.535
c1457,0.535
Z2558,0.535
rpsG,0.535
c1525,0.535
c4074,0.535
yheS,0.535
Z4833,0.535
ECs1539,0.535
Z0961,0.535
ascB,0.535
napB,0.535
Z6067,0.535
degS,0.535
htrA,0.535
Z1548,0.535
c1183,0.535
c1456,0.535
Z3106,0.535
yliJ,0.53
map,0.53
c2400,0.53
tehA,0.53
chpA,0.53
c5036,0.53
yneH,0.53
Z1664,0.53
galM,0.53
artQ,0.53
yfhB,0.53
ECs5432,0.53
yfiF,0.53
Z3084,0.53
ibpA,0.53
c3787,0.53
ybeA,0.53
wbdO,0.53
c0258,0.53
ybhG,0.53
c5041,0.53
ECs4975,0.53
Z0960,0.53
c5205,0.53
speF,0.53
glmM,0.53
c2514,0.53
btuR,0.525
sspA,0.525
uvrC,0.525
Z3757,0.525
dnaT,0.525
era,0.525
c4282,0.525
dsdC,0.525
nrdF,0.525
rpsL,0.525
relA,0.525
c0934,0.525
yciX,0.525
glpQ,0.525
c5195,0.525
yqiC,0.525
cspC,0.525
Z3092,0.525
c1290,0.525
Z2240,0.525
ybhI,0.525
wbdP,0.525
Z0870,0.525
ureA,0.525
recD,0.525
wzxE,0.525
rpmE2,0.525
Z3099,0.525
ECs1596,0.525
Z5688,0.525
pth,0.52
ECs2281,0.52
c1186,0.52
c0340,0.52
ECs4988,0.52
yiaM,0.52
yliA,0.52
amiA,0.52
ECs1184,0.52
c1417,0.52
ybjL,0.52
ybdS,0.52
c3693,0.52
Z5692,0.52
narJ,0.52
malQ,0.52
c1936,0.52
sspB,0.515
Z3785,0.515
Z1786,0.515
yfiO,0.515
c1455,0.515
rplA,0.515
yaeS,0.515
c2623,0.515
nupG,0.515
acrA,0.515
ECs5595,0.515
yggS,0.515
Z3619,0.515
soxS,0.515
asmA,0.515
c0264,0.515
cysI,0.515
ycbK,0.515
hlpA,0.515
tolB,0.515
dcuC,0.515
c1174,0.515
ycjF,0.515
hisI,0.515
c0852,0.515
c1191,0.515
ureE,0.515
c3186,0.515
atpI,0.51
yddE,0.51
sapA,0.51
gtrS,0.51
holA,0.51
c1781,0.51
chpR,0.51
ydiZ,0.51
c5164,0.51
c0411,0.51
iap,0.51
yabI,0.51
Z6052,0.51
yhbU,0.51
c5293,0.51
c3689,0.51
c0365,0.51
Z6033,0.51
ydiS,0.51
ECs4994,0.51
treB,0.51
ECs4995,0.51
ECs1544,0.51
narW,0.51
Z4328,0.51
c1411,0.51
ECs1200,0.51
gamW,0.51
Z2047,0.51
ppa,0.505
yfiH,0.505
Z2046,0.505
ychM,0.505
ybaE,0.505
ECs4959,0.505
yecP,0.505
epd,0.505
yefM,0.505
c1451,0.505
yciM,0.505
yigC,0.505
cydC,0.505
ymjA,0.505
ecnA,0.505
Z0313,0.505
c1574,0.505
Z4360,0.505
nagD,0.505
Z1618,0.505
c3750,0.505
rpsV,0.505
yedF,0.505
Z2371,0.505
Z4861,0.505
Z2339,0.505
c3273,0.505
Z0415,0.505
xisN,0.505
cysG,0.505
Z4195,0.505
hisP,0.505
Z1536,0.505
Z2261,0.505
yiaF,0.5
c0545,0.5
rpsR,0.5
Z3088,0.5
amiB,0.5
cspB,0.5
ECs1576,0.5
paaE,0.5
narX,0.5
ycfX,0.5
proC,0.5
purE,0.5
ECs0235,0.5
c3156,0.5
c3630,0.5
asnB,0.5
eutL,0.5
c5351,0.5
Z0256,0.5
yeiC,0.5
ydcT,0.5
hipA,0.5
Z6046,0.5
Z1534,0.5
galP,0.5
c5378,0.5
c4276,0.5
Z2369,0.5
Z5142,0.5
ygcW,0.5
ECs5414,0.5
yeaO,0.495
hycI,0.495
mdoD,0.495
rplE,0.495
yfcM,0.495
rna,0.495
yoaE,0.495
rep,0.495
Z0330,0.495
c1102,0.495
evgS,0.495
c3615,0.495
ygfA,0.495
uvrD,0.495
c4758,0.495
hisD,0.495
ECs4953,0.495
Z1624,0.495
c5304,0.495
c2392,0.495
c2523,0.495
c3161,0.495
Z0886,0.495
Z1493,0.495
focD,0.495
yecO,0.49
pdxA,0.49
c2257,0.49
hisS,0.49
galK,0.49
c1416,0.49
tsf,0.49
Z2971,0.49
araF,0.49
phoB,0.49
yfhG,0.49
cycA,0.49
rumA,0.49
melA,0.49
purL,0.49
c2493,0.49
sppA,0.49
Z5884,0.49
modB,0.49
yheT,0.49
nhoA,0.49
Z4220,0.49
lldD,0.49
Z0608,0.49
c4760,0.49
Z4188,0.49
c3133,0.49
ECs3503,0.49
c1501,0.49
Z3940,0.49
c1483,0.49
Z1491,0.49
Z1486,0.49
potC,0.485
yjjA,0.485
thrB,0.485
yjaG,0.485
ypfH,0.485
fadR,0.485
yejM,0.485
c1892,0.485
ptsH,0.485
c2558,0.485
Z3373,0.485
yfcZ,0.485
Z3600,0.485
c2513,0.485
Z6069,0.485
Z3120,0.485
phnK,0.485
c0651,0.485
mgsA,0.48
potB,0.48
ECs5365,0.48
mltE,0.48
potD,0.48
ycgL,0.48
corA,0.48
c4547,0.48
rlpA,0.48
Z1457,0.48
c3790,0.48
Z2053,0.48
Z2562,0.48
mraW,0.48
c1235,0.48
Z2281,0.48
ECs5591,0.48
ybcN,0.48
c5372,0.48
Z0255,0.48
Z0975,0.48
sdhB,0.48
ybiC,0.48
ECs4992,0.48
yoaH,0.475
ychK,0.475
Z2301,0.475
c3767,0.475
ccmB,0.475
pabC,0.475
yobG,0.475
yqaB,0.475
yfjD,0.475
c2475,0.475
Z1046m,0.475
cobB,0.475
Z4192,0.475
c4431,0.475
yabP,0.475
c5137,0.475
ycgO,0.475
cmtA,0.475
Z4199,0.475
Z3105,0.475
Z2508,0.475
ECs4955,0.475
Z4333,0.475
c2428,0.475
c2410,0.475
c1481,0.475
yjfG,0.475
yddM,0.475
tyrR,0.475
Z1460,0.475
c3601,0.475
c1410,0.475
c1526,0.475
entF,0.475
c3655,0.475
yniC,0.47
efp,0.47
trpB,0.47
rimI,0.47
hflK,0.47
c1605,0.47
yacF,0.47
rbfA,0.47
ECs5542,0.47
c5199,0.47
Z1566,0.47
c1292,0.47
ECs1560,0.47
c3587,0.47
yeaJ,0.47
ftrA,0.47
c4488,0.47
Z2099,0.47
sdhC,0.47
c1567,0.47
ilvY,0.47
Z5337,0.47
Z1580,0.47
Z5491,0.47
Z3328,0.47
acpP,0.465
rpmD,0.465
pyrD,0.465
Z2241,0.465
imp,0.465
lpxK,0.465
glmU,0.465
ygiC,0.465
gph,0.465
Z1545,0.465
yqiB,0.465
ptsA,0.465
guaC,0.465
Z1652,0.465
paaC,0.465
Z2400,0.465
yneF,0.465
c2399,0.465
mutS,0.465
sbcD,0.465
murD,0.465
c2413,0.465
Z3087,0.465
c1421,0.465
c1246,0.465
ECs4954,0.465
c0977,0.465
Z1867,0.465
c0174,0.465
Z1843,0.465
c3561,0.465
yhgF,0.465
Z2076,0.46
oppF,0.46
uvrY,0.46
ycbP,0.46
c3556,0.46
ECs5581,0.46
c5208,0.46
yahA,0.46
menF,0.46
ydjZ,0.46
gshA,0.46
ydcL,0.46
terB_2,0.46
c4775,0.46
c4007,0.46
ynbC,0.46
Z2398,0.46
yobF,0.46
psuI,0.46
Z1453,0.46
Z6036,0.46
ECs4960,0.46
ddl,0.455
ptsP,0.455
Z0640,0.455
ECs5592,0.455
fusA,0.455
Z4090,0.455
rdgC,0.455
c1547,0.455
ydfZ,0.455
hslU,0.455
nfnB,0.455
Z1426,0.455
Z4187,0.455
ybdO,0.455
acnA,0.455
ypfI,0.455
exoU,0.455
Z0985,0.455
c2483,0.455
Z6074,0.455
c1460,0.455
ECs5380,0.455
c1425,0.455
c0723,0.455
c1957,0.455
c1498,0.455
Z2227,0.455
c0936,0.455
ECs2180,0.455
rhaD,0.455
gpmM,0.455
Z3362,0.455
Z1551,0.455
fucU,0.45
csiE,0.45
insH1,0.45
c2023,0.45
msbB,0.45
c1886,0.45
c0526,0.45
yhgI,0.45
ybjT,0.45
c4518,0.45
lnt,0.45
c0256,0.45
mhpF,0.45
c5382,0.45
papH,0.45
Z5618,0.45
araB,0.45
c4423,0.45
Z2985,0.45
ybaL,0.45
pykF,0.45
malZ,0.45
gltD,0.45
Z3082,0.45
pgtB,0.45
yedI,0.445
Z1097,0.445
ycfP,0.445
yfhA,0.445
mazG,0.445
ftsA,0.445
c1690,0.445
sapD,0.445
yhbN,0.445
paaH,0.445
rhlB,0.445
yeeE,0.445
yeaB,0.445
yadB,0.445
c2924,0.445
Z0250,0.445
yegI,0.445
ypjA,0.445
iroD,0.445
yrbI,0.44
serB,0.44
cohE,0.44
Z3496,0.44
gpsA,0.44
yrbD,0.44
c3386,0.44
yddG,0.44
lomR,0.44
Z4875,0.44
nhaR,0.44
c4759,0.44
betI,0.44
Z3531,0.44
prpR,0.44
mchD,0.44
treC,0.44
c4560,0.44
yfaL,0.44
ybbO,0.435
ycfD,0.435
atpB,0.435
yjeQ,0.435
c4756,0.435
feaB,0.435
panC,0.435
grxB,0.435
psd,0.435
lrp,0.435
dsbA,0.435
c1543,0.435
c2467,0.435
Z5113,0.435
c2418,0.435
Z4177,0.435
fruB,0.435
Z2851,0.435
glgP,0.435
malS,0.435
Z4888,0.435
c1171,0.435
c0349,0.435
yfiE,0.435
dut,0.43
zraS,0.43
lipA,0.43
nlpC,0.43
dcm,0.43
narP,0.43
ubiH,0.43
c0394,0.43
c4661,0.43
moaC,0.43
c2466,0.43
c3972,0.43
deoB,0.43
c3136,0.43
ispF,0.43
cca,0.43
Z6017,0.43
Z1430,0.43
nrfE,0.43
c0368,0.43
Z2094,0.43
ECs2962,0.43
c0953,0.43
aroB,0.425
ylaC,0.425
lit,0.425
hslJ,0.425
yebY,0.425
sapF,0.425
eco,0.425
ansA,0.425
Z0887,0.425
Z2120,0.425
yjbJ,0.425
Z4327,0.425
c4569,0.425
Z1768,0.425
yhaM,0.425
yciA,0.425
Z4338,0.425
c2504,0.425
yhgE,0.425
molR_A,0.425
Z0976,0.425
poxB,0.425
Z0956,0.425
fhuB,0.425
Z3782,0.425
Z5220,0.425
Z1492,0.425
ybcL,0.42
c3714,0.42
truD,0.42
yeiG,0.42
ybbU,0.42
tatA,0.42
rplO,0.42
yabB,0.42
c4982,0.42
frsA,0.42
quuQ,0.42
yrbE,0.42
fur,0.42
tesB,0.42
c5058,0.42
accC,0.42
sapB,0.42
uhpA,0.42
gyrB,0.42
ECs5580,0.42
uxaB,0.42
Z5136,0.42
Z3026,0.42
escU,0.42
tktA,0.42
c2396,0.42
Z0246,0.42
Z1446,0.42
c3641,0.42
flgI,0.42
Z0314,0.42
Z3624,0.42
yqjE,0.415
nhaA,0.415
c0503,0.415
c5212,0.415
c2559,0.415
rseC,0.415
yafK,0.415
Z3937,0.415
sun,0.415
pqiB,0.415
c3199,0.415
c3303,0.415
c3638,0.415
argD,0.415
c1540,0.415
flk,0.415
Z0955,0.415
Z3596,0.415
c2068,0.415
mchC,0.415
lhr,0.415
Z1662,0.415
yibO,0.415
sdhD,0.415
c0758,0.415
eaeH,0.415
ECs5377,0.415
c1415,0.41
nagB,0.41
ycdT,0.41
hlyA,0.41
yccW,0.41
cybC,0.41
mdoB,0.41
murC,0.41
Z5163,0.41
c0062,0.41
pheA,0.41
Z2382,0.41
Z4250,0.41
c1660,0.41
nth,0.41
ygeW,0.41
Z6026,0.41
c3459,0.41
c4398,0.41
c0077,0.41
erm(A),0.41
Z1648,0.41
c2500,0.41
c3404,0.41
Z0879,0.41
cobT,0.41
artI,0.41
infB,0.405
queF,0.405
Z1621,0.405
yccF,0.405
ECs1183,0.405
c4839,0.405
waaP,0.405
Z3127,0.405
Z3973,0.405
yohD,0.405
rcsB,0.405
Z0634,0.405
yegV,0.405
ymgB,0.405
c2814,0.405
ycgJ,0.405
xasA,0.405
Z0324,0.405
c1882,0.405
c4617,0.405
Z2989,0.405
narV,0.405
c4771,0.405
yjiZ,0.405
Z3107,0.405
c3468,0.405
yciR,0.405
oxyR,0.4
c0550,0.4
c4831,0.4
lgt,0.4
ydhA,0.4
yjeE,0.4
yjjG,0.4
ybbA,0.4
yigB,0.4
ydbC,0.4
yjgD,0.4
alkA,0.4
ycbX,0.4
yhjX,0.4
stx1A,0.4
Z4267,0.4
c3272,0.4
glnA,0.4
ybjK,0.4
eae,0.4
Z1608,0.4
ECs0801,0.4
mnmC,0.4
c1184,0.4
c0088,0.4
marB,0.4
yohN,0.395
psiF,0.395
ypfJ,0.395
aspC,0.395
dnaE,0.395
ybhC,0.395
ymfI,0.395
c2543,0.395
Z0274,0.395
yqcA,0.395
ogt,0.395
ydcJ,0.395
pgpA,0.395
yhbE,0.395
yciI,0.395
Z3947,0.395
paaZ,0.395
gatR,0.395
fxsA,0.395
c3172,0.395
yaaJ,0.395
ECs1537,0.395
Z1601,0.395
Z1796,0.395
c0026,0.395
astD,0.395
Z1848,0.395
c4013,0.395
tesA,0.39
rplX,0.39
c0257,0.39
yaeL,0.39
exbB,0.39
Z3306,0.39
ECs2215,0.39
c5209,0.39
ucpA,0.39
Z4321,0.39
frvX,0.39
c1198,0.39
srlR,0.39
gutQ,0.39
c4283,0.39
c1173,0.39
Z0362,0.39
cyaA,0.39
c3634,0.39
rne,0.39
stx2B,0.39
c3243,0.39
Z2075,0.39
Z1539,0.39
rplN,0.385
Z4787,0.385
lspA,0.385
glnE,0.385
gtrA,0.385
yffR,0.385
tff,0.385
Z1442,0.385
pepA,0.385
yecC,0.385
macA,0.385
ECs1218,0.385
ygfY,0.385
yhcC,0.385
c0364,0.385
ydcN,0.385
c3674,0.385
Z1018,0.385
c0460,0.385
gcl,0.385
cysE,0.385
yeiH,0.385
recF,0.385
c1880,0.385
Z4180,0.385
Z1577,0.385
c2145,0.385
yhjW,0.385
c5375,0.385
Z0254,0.385
c2566,0.385
c4776,0.385
c3165,0.385
Z0583,0.385
Z5143,0.385
Z4965,0.385
ECs0301,0.385
c3662,0.385
smg,0.385
brnQ,0.38
gcvR,0.38
yajK,0.38
sodA,0.38
papG,0.38
eutC,0.38
sufA,0.38
Z2399,0.38
ydhI,0.38
c5421,0.38
c1217,0.38
c3659,0.38
ydiY,0.38
pabB,0.38
Z1096,0.38
paaB,0.38
Z2386,0.38
c2348,0.38
ygaA,0.38
rfaI,0.38
sbcC,0.38
papF,0.38
c1439,0.38
c2429,0.38
c1192,0.38
c2220,0.38
c0961,0.38
c5302,0.38
paaG,0.375
aroG,0.375
rplF,0.375
ypdA,0.375
ycdY,0.375
htrB,0.375
Z3939,0.375
cspE,0.375
hisF,0.375
sokB,0.375
ygeV,0.375
c4550,0.375
c3604,0.375
yciH,0.375
c5057,0.375
c4663,0.375
ybdH,0.375
lepB,0.375
yceG,0.375
c1649,0.375
nanT,0.375
perM,0.375
minC,0.375
ybjM,0.375
sucB,0.375
Z0989,0.375
Z1920,0.375
c0960,0.375
Z3073,0.375
c3403,0.375
ugpC,0.375
c2498,0.375
Z4322,0.375
dksA,0.37
ubiE,0.37
ftsL,0.37
sseB,0.37
ydcF,0.37
Z0258,0.37
c4896,0.37
ymgA,0.37
murB,0.37
yneG,0.37
nadD,0.37
celA,0.37
c3680,0.37
c1461,0.37
ECs1365,0.37
Z1620,0.37
ECs0143,0.37
c2436,0.37
Z6025,0.37
Z1800,0.37
Z4093,0.37
Z2049,0.37
yrfC,0.37
yghQ,0.37
c1502,0.37
Z4968m,0.37
ybjR,0.365
yfbS,0.365
yeeF,0.365
yciU,0.365
c2502,0.365
znuC,0.365
selB,0.365
ybiA,0.365
c2473,0.365
c3794,0.365
pgpB,0.365
yadP,0.365
purM,0.365
c3578,0.365
yeaQ,0.365
intR,0.365
Z5089,0.365
nuoH,0.365
Z4331,0.365
ydjF,0.365
sapC,0.365
engA,0.365
c5371,0.365
c1200,0.365
baeR,0.365
Z4194,0.365
c0417,0.365
panF,0.365
c3388,0.365
c0311,0.365
c3631,0.36
ybfF,0.36
fmt,0.36
tonB,0.36
c3957,0.36
ECs3510,0.36
hisJ,0.36
yecN,0.36
glyQ,0.36
emrE,0.36
ybaU,0.36
Z3270,0.36
Z1623,0.36
ECs1168,0.36
yegN,0.36
yehQ,0.36
rhlE,0.36
hycH,0.36
c0392,0.36
waaV,0.36
c4837,0.36
c2499,0.36
Z2090,0.36
c1459,0.36
Z1537,0.36
mglA,0.36
ushA,0.36
ECs2799,0.36
yagU,0.36
c1454,0.36
c4829,0.36
c1488,0.36
yehB,0.36
c3408,0.36
Z0635,0.36
Z6019,0.36
c1575,0.36
Z0895,0.36
Z2092,0.36
yojN,0.355
btuD,0.355
ompX,0.355
c1138,0.355
c1430,0.355
c3719,0.355
hflC,0.355
c1617,0.355
c0970,0.355
ynjF,0.355
aroH,0.355
ECs3715,0.355
c1289,0.355
c2046,0.355
pheL,0.355
c2450,0.355
c3562,0.355
Z4852,0.355
Z3071,0.355
Z2312,0.355
xisP,0.355
c0078,0.355
c0367,0.355
c4492,0.355
c1414,0.355
Z4803,0.355
Z3100,0.355
rtcR,0.355
yfjG,0.355
Z1487,0.355
c5425,0.355
c4517,0.355
micF,0.355
Z0970,0.355
artP,0.35
mppA,0.35
hipB,0.35
mreD,0.35
miaA,0.35
yijD,0.35
zntA,0.35
rbsC,0.35
c0286,0.35
yhbS,0.35
tpx,0.35
Z5868,0.35
c2835,0.35
c1628,0.35
c0350,0.35
Z1359,0.35
oprR,0.35
ispG,0.35
ECs1315,0.35
smp,0.35
c3271,0.35
ycdO,0.35
ECs3383,0.35
Z1651,0.35
hlyB,0.35
Z1344,0.35
yejL,0.35
yphC,0.35
c0319,0.35
c5437,0.35
yabN,0.35
c3684,0.35
c5061,0.35
c0309,0.35
lolD,0.345
yraM,0.345
nagC,0.345
rhoL,0.345
apaH,0.345
isrC,0.345
yjgA,0.345
talC,0.345
endA,0.345
yncA,0.345
dnaB,0.345
oppD,0.345
ydeM,0.345
c4563,0.345
ycfR,0.345
c5379,0.345
speD,0.345
ECs1098,0.345
ECs1567,0.345
ptsI,0.345
Z3371,0.345
ECs1181,0.345
yeiE,0.345
espA,0.345
c3385,0.345
c2414,0.345
hycB,0.345
c4753,0.345
Z1775,0.345
c0281,0.345
c3890,0.345
glnD,0.345
c1763,0.345
ECs2166,0.345
maf,0.34
intF,0.34
ECs3507,0.34
yhbM,0.34
hemE,0.34
c2992,0.34
dxs,0.34
ybjD,0.34
c0978,0.34
yfiC,0.34
mchE,0.34
hypA,0.34
yrbF,0.34
c2147,0.34
c0941,0.34
c1527,0.34
c3683,0.34
focG,0.34
Z1840,0.34
aroF,0.34
ybcU,0.34
c2461,0.34
c0259,0.34
Z0078,0.34
c2397,0.34
Z4811,0.34
ihfB,0.34
escS,0.34
yieH,0.34
thiM,0.34
ygbE,0.34
ECs2963,0.34
Z2402,0.335
dapB,0.335
ptrB,0.335
alpA,0.335
coaE,0.335
tolC,0.335
Z0347,0.335
c4768,0.335
rarD,0.335
sprT,0.335
c0331,0.335
nikE,0.335
c1550,0.335
c3154,0.335
recE,0.335
Z2088,0.335
Z0024,0.335
sitB,0.335
yedJ,0.33
yccK,0.33
yajO,0.33
Z0984,0.33
queA,0.33
c2393,0.33
rluD,0.33
yjcO,0.33
ymfR,0.33
ssb,0.33
tas,0.33
metE,0.33
yjcW,0.33
yliC,0.33
Z2777,0.33
c3157,0.33
Z5095,0.33
c1593,0.33
c1170,0.33
alaS,0.33
yfdZ,0.33
c3606,0.33
Z0325,0.33
yohM,0.33
Z1335,0.33
Z0962,0.33
ycgR,0.33
Z0346,0.33
Z3119,0.33
ygiF,0.325
ygeR,0.325
kefB,0.325
c3470,0.325
Z3179,0.325
rplK,0.325
ybjQ,0.325
ydjM,0.325
frcK,0.325
c3661,0.325
c0583,0.325
ECs5481,0.325
yrbC,0.325
ynjA,0.325
c3841,0.325
c2524,0.325
Z0639,0.325
yjjU,0.325
Z4088,0.325
c3241,0.325
hydG,0.325
c5081,0.325
c1204,0.325
c3754,0.325
c3149,0.325
c0957,0.325
nlpA,0.325
Z1798,0.325
ECs2213,0.325
kdgK,0.32
ftsE,0.32
dfp,0.32
c2470,0.32
serS,0.32
hokB,0.32
c2412,0.32
ybhA,0.32
Z5225,0.32
c2918,0.32
c1403,0.32
ybgI,0.32
yihW,0.32
kdpA,0.32
c0283,0.32
c1445,0.32
c3275,0.32
c2427,0.32
Z1902,0.32
c5347,0.32
c1503,0.32
c4572,0.32
c5197,0.32
yhjL,0.32
gnsA,0.315
Z5889,0.315
Z5111,0.315
Z1645,0.315
ybdF,0.315
Z0263,0.315
yhdH,0.315
c5295,0.315
c5385,0.315
Z6010,0.315
Z4971,0.315
Z1467,0.315
ECs1775,0.315
putP,0.315
Z6030,0.315
Z0968,0.315
modC,0.31
Z5121,0.31
c1489,0.31
Z0021,0.31
talB,0.31
c5476,0.31
c2251,0.31
c0799,0.31
nanA,0.31
Z0896,0.31
Z4332,0.31
nrdG,0.31
c1491,0.31
yjjM,0.31
Z1649,0.31
Z3352,0.31
yiaO,0.31
c5022,0.31
aslB,0.31
yejH,0.31
Z3942,0.31
c4549,0.31
Z0707,0.31
c5172,0.31
ECs1334,0.31
bcp,0.305
c5165,0.305
rpsE,0.305
inaA,0.305
mviN,0.305
hdhA,0.305
parC,0.305
lpdA,0.305
rcsF,0.305
rfaC,0.305
putA,0.305
nuoE,0.305
c0909,0.305
c1214,0.305
c0366,0.305
ybbF,0.305
c1167,0.305
c2462,0.305
Z5898,0.305
c4570,0.305
c0338,0.305
c0233,0.305
trpD,0.305
c5297,0.305
Z2984,0.305
Z0965,0.305
yhjG,0.305
Z1501,0.305
yabO,0.3
otsB,0.3
nfrA,0.3
Z1595,0.3
c2415,0.3
yedQ,0.3
dinJ,0.3
Z0510,0.3
Z6048,0.3
Z1803,0.3
lipB,0.3
purN,0.3
rimL,0.3
escC,0.3
c4019,0.3
c4565,0.3
yebO,0.3
c0929,0.3
Z2387,0.3
escT,0.3
c2108,0.3
Z1846,0.3
c2165,0.3
Z4324,0.3
Z1797,0.3
Z4047,0.3
c0184,0.3
Z1334,0.3
c1261,0.3
syd,0.295
secF,0.295
pdhR,0.295
yadG,0.295
ybhF,0.295
Z1341,0.295
ECs5470,0.295
rplL,0.295
c1506,0.295
Z1503,0.295
c1258,0.295
Z1352,0.295
Z5214,0.295
c0269,0.295
yqfB,0.295
alsE,0.295
Z1019,0.295
Z4776,0.295
c1433,0.295
ygjD,0.295
ihfA,0.295
Z1857,0.295
c3642,0.295
Z2052,0.295
sat,0.295
Z1568,0.295
Z0268,0.295
c5175,0.295
gltP,0.295
yeaX,0.295
ECs1081,0.295
ECs5296,0.295
narI,0.295
c3736,0.295
nhaB,0.29
folE,0.29
lpxC,0.29
yojL,0.29
Z3090,0.29
Z1856,0.29
ECs1643,0.29
lrhA,0.29
c3925,0.29
ygaZ,0.29
c0265,0.29
kpsS,0.29
Z1098,0.29
c0497,0.29
Z2474m,0.29
ECs2212,0.29
Z0327,0.29
ybiL,0.29
iroE,0.29
Z4810,0.29
yjiE,0.29
c4010,0.29
Z1799,0.29
c0967,0.29
Z4326,0.29
c1209,0.29
yfeD,0.29
Z1781,0.29
gltS,0.29
c3155,0.29
Z4982,0.29
ygiV,0.29
c0761,0.29
Z0417,0.29
Z1924,0.29
Z2142,0.29
per,0.285
mrr,0.285
ribB,0.285
gor,0.285
yjfH,0.285
yaeQ,0.285
yadT,0.285
Z1332,0.285
yhcJ,0.285
ycfS,0.285
c4752,0.285
ECs2628,0.285
ynfJ,0.285
yhgG,0.285
ydjX,0.285
c3387,0.285
Z5691,0.285
yhcM,0.285
Z3594,0.285
ECs4566,0.285
c1910,0.285
Z3360,0.285
ECs2186,0.285
c4546,0.285
c4755,0.285
Z2967,0.285
ECs4971,0.285
Z3114,0.285
c4509,0.285
molR_C,0.285
c0759,0.285
Z1345,0.285
Z0971,0.285
ynbE,0.285
Z1588,0.285
Z1441,0.285
c0962,0.285
ypjD,0.28
ftsW,0.28
murF,0.28
ygfJ,0.28
Z4191,0.28
yadH,0.28
folX,0.28
ydbH,0.28
c3800,0.28
waaQ,0.28
gpt,0.28
Z2048,0.28
yfeC,0.28
c0263,0.28
yeeX,0.28
Z1517,0.28
Z2310,0.28
prlC,0.28
c5169,0.28
yaiH,0.28
chaB,0.28
torR,0.28
Z0855,0.28
ybdA,0.28
yfcO,0.28
Z5896,0.28
c3557,0.28
dld,0.28
c2896,0.28
prrA,0.28
c1468,0.28
Z1838,0.28
Z3206,0.28
yibP,0.28
ECs5446,0.28
aroD,0.275
ypeA,0.275
hemD,0.275
c5200,0.275
yaeM,0.275
damX,0.275
c5211,0.275
ECs4957,0.275
Z1482,0.275
pitB,0.275
tdcA,0.275
ECs4976,0.275
Z1575,0.275
c3694,0.275
hha,0.275
c1001,0.275
Z1434,0.275
c2424,0.275
afuB,0.275
c1528,0.275
c1937,0.275
c4209,0.275
c0413,0.27
ahpC,0.27
rpoZ,0.27
ydhB,0.27
c0444,0.27
c0469,0.27
yadF,0.27
blr,0.27
c5349,0.27
c5343,0.27
c3304,0.27
phoR,0.27
yfeY,0.27
Z4071,0.27
yhhY,0.27
torD,0.27
c1884,0.27
Z0702,0.27
c0294,0.27
ilvC,0.27
ECs4949,0.27
c4763,0.27
c2729,0.27
c1255,0.27
c5167,0.27
Z1466,0.27
Z3921,0.27
yffS,0.265
c0903,0.265
ybhQ,0.265
Z1875,0.265
slyX,0.265
ybjO,0.265
xisE,0.265
yaiI,0.265
Z0244,0.265
rfaG,0.265
yggL,0.265
ynhG,0.265
c0882,0.265
pntB,0.265
Z1540,0.265
ligB,0.265
yjcV,0.265
ECs1335,0.265
c2742,0.265
Z6029,0.265
c2431,0.265
c3181,0.265
c4487,0.265
Z4912,0.265
c2212,0.265
cesD,0.265
Z5522,0.265
c4424,0.265
c1762,0.265
Z0269,0.265
yegM,0.265
Z2561,0.265
ydiI,0.26
yahJ,0.26
otsA,0.26
ydiA,0.26
Z0959,0.26
yheN,0.26
Z6022,0.26
Z0247,0.26
rplR,0.26
fabB,0.26
aroA,0.26
c5426,0.26
ygcG,0.26
nfi,0.26
c3305,0.26
c1531,0.26
ECs1579,0.26
Z0243,0.26
c3695,0.26
amyA,0.26
waaO,0.26
ddg,0.26
Z1333,0.26
ompL,0.26
Z6011,0.26
ymfL,0.26
Z5160,0.26
c4895,0.26
c5215,0.26
yhaG,0.26
minD,0.26
aphA6,0.26
c3176,0.26
c3558,0.26
c5176,0.26
papC,0.26
ECs1336,0.26
Z3341,0.26
Z1578,0.255
mltC,0.255
rho,0.255
c2254,0.255
deoC,0.255
purF,0.255
Z5161,0.255
frr,0.255
yqjB,0.255
c0608,0.255
ydbA,0.255
c0810,0.255
Z1847,0.255
yegH,0.255
Z2087,0.255
Z1567,0.255
yaiZ,0.255
ygaG,0.255
yiiX,0.255
c3148,0.255
yeiS,0.255
ydhV,0.255
c1507,0.255
c2806,0.255
Z1574,0.255
Z3276,0.255
Z5428,0.255
Z5415,0.255
c3407,0.255
Z1495,0.255
Z3595,0.255
c4278,0.255
c2528,0.255
ycdW,0.25
yfeZ,0.25
adhP,0.25
tqsA,0.25
lomW,0.25
Z6070,0.25
c2375,0.25
c1576,0.25
yqjI,0.25
Z4398,0.25
ybiJ,0.25
smpB,0.25
flgD,0.25
yeaM,0.25
yceE,0.25
c0355,0.25
ECs5420,0.25
c5213,0.25
c0965,0.25
lldP,0.25
ECs1527,0.25
c4507,0.25
c3462,0.25
c2472,0.25
c1013,0.245
surA,0.245
yecD,0.245
yfhJ,0.245
yeaP,0.245
ascG,0.245
rpoC,0.245
ECs1556,0.245
gpmB,0.245
ECs1526,0.245
ECs0604,0.245
cysZ,0.245
bisZ,0.245
marC,0.245
mrdA,0.245
c0038,0.245
lolE,0.245
pgtP,0.245
c4375,0.245
wcaM,0.245
ycaI,0.245
c1615,0.245
tdk,0.245
c5194,0.245
c2437,0.245
ECs4865,0.245
Z1579,0.245
c2486,0.245
c3151,0.245
c1165,0.245
c1592,0.245
c0036,0.245
c4987,0.245
rhsC,0.245
c0285,0.245
c3976,0.245
tdcG,0.245
rplY,0.24
Z5199,0.24
c3772,0.24
mmuM,0.24
ECs1185,0.24
Z0892,0.24
ydgQ,0.24
murI,0.24
ECs5399,0.24
ung,0.24
iraD,0.24
yhcH,0.24
minE,0.24
ybgE,0.24
c3381,0.24
c3753,0.24
Z4181,0.24
sibB,0.24
Z2986,0.24
fliD,0.24
c1260,0.24
ytfN,0.24
c0314,0.24
Z2095,0.24
argH,0.24
ECs4978,0.24
ECs2263,0.24
c2402,0.24
c3150,0.24
Z5212,0.24
c4514,0.24
c4545,0.24
c1494,0.24
c4495,0.24
tuf,0.235
ycgC,0.235
ypdB,0.235
cysB,0.235
puuD,0.235
c3749,0.235
Z1340,0.235
mhpE,0.235
thyA,0.235
slp,0.235
Z2196,0.235
ECs3012,0.235
ECs4659,0.235
c3270,0.235
c1673,0.235
pgk,0.235
yajD,0.235
Z3929,0.235
c1862,0.235
copA,0.235
c1420,0.235
c5374,0.235
c1236,0.235
c4353,0.235
Z0418,0.235
Z1641,0.235
c3396,0.235
malT,0.23
arcB,0.23
ECs3512,0.23
mutY,0.23
ECs5464,0.23
Z0020,0.23
gmk,0.23
c5029,0.23
ychE,0.23
nei,0.23
nuoK,0.23
c1915,0.23
ydjY,0.23
Z1420,0.23
Z4092,0.23
msyB,0.23
c3599,0.23
Z2557,0.23
Z3269,0.23
sanA,0.23
Z1777,0.23
yggE,0.23
yfgJ,0.23
c3064,0.23
Z2084,0.23
c4924,0.23
yqiK,0.23
yhbW,0.23
thrL,0.23
exuT,0.23
c4211,0.23
phnC,0.23
c0974,0.23
yphG,0.23
ybaC,0.225
rpoB,0.225
Z3135,0.225
selA,0.225
Z2060,0.225
mviM,0.225
Z4801,0.225
c1819,0.225
dkgB,0.225
yigA,0.225
c4938,0.225
rbsA,0.225
Z6065,0.225
c0059,0.225
c0337,0.225
c5155,0.225
yhjJ,0.225
c2449,0.225
Z0284,0.225
lplA,0.225
c2670,0.225
yaeG,0.225
ECs2802,0.225
Z0261,0.225
yfcN,0.225
c3564,0.225
terC_2,0.225
Z1607,0.225
ECs1406,0.225
sfaD,0.225
ybgQ,0.225
c4303,0.225
Z5335,0.225
c4537,0.225
appB,0.22
yceA,0.22
yeiB,0.22
helD,0.22
Z1593,0.22
nuoJ,0.22
celD,0.22
proY,0.22
ryfA,0.22
ECs5465,0.22
ygiE,0.22
actP,0.22
hfq,0.22
c0409,0.22
paaA,0.22
Z4068,0.22
Z1776,0.22
c3567,0.22
yqgF,0.22
vgrE,0.22
c4559,0.22
gsp,0.22
fepG,0.22
Z2787,0.22
c0976,0.22
abrB,0.22
c4543,0.22
yceK,0.22
ydfD,0.22
c1264,0.22
c2451,0.22
c5433,0.22
yegU,0.22
yjcU,0.22
phnM,0.22
Z1918,0.22
purC,0.215
pcm,0.215
Z2392,0.215
Z5935,0.215
nuoL,0.215
yaiW,0.215
Z5088,0.215
Z1923,0.215
Z1448,0.215
c2516,0.215
ECs1529,0.215
c1545,0.215
c3820,0.215
ECs5292,0.215
ydcE,0.215
yqjA,0.215
fdhF,0.215
c1652,0.215
ECs0805,0.215
Z0947,0.215
Z0317,0.215
sfaC,0.215
ycjJ,0.215
ynjB,0.215
aqpZ,0.215
Z6038,0.215
ECs5247,0.215
ymbA,0.215
tam,0.215
yfbG,0.215
Z3950,0.215
fepA,0.215
ECs4986,0.215
bcsA,0.215
mglC,0.215
c0950,0.215
Z2091,0.215
phnE,0.215
ydeK,0.215
Z1590,0.215
ECs2627,0.215
yfbM,0.21
yebZ,0.21
dsdA,0.21
sufC,0.21
gdhA,0.21
yceB,0.21
yqcC,0.21
rplJ,0.21
Z4386,0.21
yadI,0.21
c1487,0.21
c1435,0.21
yjeF,0.21
Z4198,0.21
c0173,0.21
Z2309,0.21
yjiA,0.21
Z2968,0.21
sitD,0.21
Z1644,0.21
c3648,0.21
ycfT,0.21
c4745,0.21
torT,0.21
phnA,0.21
ECs1188,0.21
fepD,0.21
Z3945,0.21
c1581,0.21
alr,0.21
Z2397,0.21
c2520,0.21
Z3616,0.21
Z1452,0.21
c4739,0.205
nohA,0.205
hisA,0.205
c3508,0.205
ybiH,0.205
nagA,0.205
yecF,0.205
gpmA,0.205
flu,0.205
Z3391,0.205
isrB,0.205
eutB,0.205
Z5954,0.205
ynfA,0.205
ymfM,0.205
yfaA,0.205
c5191,0.205
c3406,0.205
Z3089,0.205
Z4329,0.205
Z1494,0.205
c4016,0.205
yiaN,0.205
Z5900,0.205
trxA,0.2
Z5646,0.2
Z2325,0.2
c1546,0.2
yhaV,0.2
c1271,0.2
yrdC,0.2
dbpA,0.2
wzxC,0.2
codA,0.2
c2986,0.2
Z3358,0.2
yfbR,0.2
c3917,0.2
crr,0.2
c4409,0.2
c4848,0.2
aceA,0.2
c5143,0.2
Z1336,0.2
purK,0.2
c2495,0.2
c1573,0.2
c1422,0.2
moaB,0.2
c2541,0.2
ptsN,0.2
yicC,0.2
Z1818,0.2
c1765,0.2
elaC,0.2
ybeW,0.2
c3602,0.2
yaaF,0.195
ynhE,0.195
metK,0.195
c0276,0.195
yggD,0.195
nanK,0.195
yjgP,0.195
yliE,0.195
terW_2,0.195
ygiM,0.195
Z5987,0.195
Z1816,0.195
c1103,0.195
c5431,0.195
waaJ,0.195
c1565,0.195
c2405,0.195
ydaY,0.195
aefA,0.195
yfeN,0.195
Z4182,0.195
hybB,0.195
c3621,0.195
yeaI,0.195
c5299,0.195
chuW,0.195
Z2379,0.195
c0305,0.195
c1810,0.195
adiY,0.195
Z6072,0.195
flgF,0.195
c4766,0.195
araG,0.19
c4846,0.19
ygdP,0.19
yneJ,0.19
c5148,0.19
araH,0.19
sgaE,0.19
c2426,0.19
gcvP,0.19
aroL,0.19
Z1015,0.19
clpP,0.19
amn,0.19
c3196,0.19
yadK,0.19
Z0315,0.19
yafV,0.19
shiF,0.19
c1813,0.19
agaR,0.19
ycbO,0.19
puuE,0.19
ispH,0.19
Z4315,0.19
c4481,0.19
c3206,0.19
Z1516,0.19
Z4320,0.19
Z2263,0.19
c3658,0.19
c3147,0.19
ECs1189,0.19
yaeJ,0.185
ycbG,0.185
gapA,0.185
c2831,0.185
c5296,0.185
yihX,0.185
Z0338,0.185
deoA,0.185
c5035,0.185
yccD,0.185
c4017,0.185
rspA,0.185
flgM,0.185
c0945,0.185
c0326,0.185
kdpE,0.185
cheW,0.185
asd,0.185
c3399,0.185
Z3117,0.185
Z5094,0.185
c4014,0.185
nrfG,0.185
c4207,0.185
Z4855,0.185
insB,0.185
ppiC,0.18
aspA,0.18
Z2280,0.18
yijC,0.18
creA,0.18
Z0345,0.18
ECs5428,0.18
uxuR,0.18
dapD,0.18
yggG,0.18
yraP,0.18
Z3615,0.18
ECs0914,0.18
glpB,0.18
c0414,0.18
fliZ,0.18
ccmH,0.18
yeaL,0.18
yegT,0.18
lolC,0.18
c2563,0.18
Z0491,0.18
ytfR,0.18
escF,0.18
c1504,0.18
yqcB,0.175
Z3787,0.175
ispB,0.175
mraY,0.175
ynhC,0.175
pdxK,0.175
Z1821,0.175
malI,0.175
thiJ,0.175
c2645,0.175
yjbK,0.175
nagE,0.175
Z5092,0.175
Z5093,0.175
c4727,0.175
Z1477,0.175
c0939,0.175
c0363,0.175
ECs4973,0.175
ECs4991,0.175
c0345,0.175
phoQ,0.17
yehZ,0.17
dapF,0.17
yraO,0.17
gppA,0.17
ftsX,0.17
c4748,0.17
Z3083,0.17
trpS,0.17
slyB,0.17
mqsR,0.17
pldB,0.17
c4485,0.17
Z4104,0.17
Z0344,0.17
Z1443,0.17
c3667,0.17
Z2065,0.17
ybaO,0.17
c1218,0.17
hycG,0.17
ureB,0.17
Z6031,0.17
c3410,0.17
argE,0.17
c2432,0.17
Z2563,0.17
chaC,0.17
Z5475,0.17
melR,0.17
c3168,0.17
Z2089,0.17
c3640,0.17
Z2881,0.17
c1532,0.17
waaS,0.17
terA_2,0.17
c3170,0.17
yjhC,0.165
ycjI,0.165
Z0969,0.165
ycaR,0.165
Z3069,0.165
fadI,0.165
frwC,0.165
deoR,0.165
c4978,0.165
rfaP,0.165
Z0890,0.165
ycjT,0.165
ydbD,0.165
recB,0.165
fbpC,0.165
Z3077,0.165
ymfN,0.165
ydeI,0.165
cheB,0.165
c2122,0.165
c3892,0.165
c4986,0.165
c3220,0.165
c0021,0.165
ilvD,0.165
emrD,0.165
c4206,0.165
c0972,0.165
c0322,0.165
Z5689,0.165
focH,0.165
Z1363,0.165
c3652,0.165
yoaF,0.16
glyS,0.16
c0824,0.16
xapR,0.16
cyaR,0.16
yeaD,0.16
talA,0.16
c0357,0.16
yrfG,0.16
ygjO,0.16
fkpA,0.16
icdA,0.16
ynaJ,0.16
yadR,0.16
c0740,0.16
ybbJ,0.16
c1555,0.16
c4764,0.16
Z0638,0.16
ycgF,0.16
rihB,0.16
c3717,0.16
Z3108,0.16
Z6040,0.16
hdeB,0.16
c4728,0.155
c5380,0.155
c2320,0.155
sieB,0.155
dpiA,0.155
papA_2,0.155
ECs4985,0.155
c3012,0.155
ybiR,0.155
kpsM,0.155
smrB,0.155
ygfZ,0.155
appA,0.155
ygcM,0.155
rfaF,0.155
Z2051,0.155
c0323,0.155
mchF,0.155
ydcP,0.155
c1166,0.155
c1210,0.155
c5156,0.155
ycdG,0.155
yheL,0.155
c3509,0.155
c5037,0.155
c3164,0.155
yjgK,0.155
c3045,0.155
flgE,0.155
ECs4987,0.155
Z5878,0.155
c5040,0.155
c5423,0.155
c1889,0.155
c0398,0.155
Z1874,0.155
Z5892,0.155
yjjJ,0.155
yjbC,0.155
folK,0.155
yhfX,0.155
c1269,0.155
ybcJ,0.15
katE,0.15
ygfE,0.15
c1905,0.15
dacC,0.15
dsbG,0.15
ldcA,0.15
Z1631,0.15
Z5897,0.15
tdcB,0.15
c3140,0.15
yjhU,0.15
yejO,0.15
ebgR,0.15
ybiM,0.15
c0320,0.15
yiaE,0.15
Z5115,0.15
rhaB,0.15
c1691,0.15
nfrB,0.15
metF,0.15
c4557,0.15
Z2340,0.15
c3715,0.15
Z1533,0.15
c1485,0.145
c5012,0.145
Z4269,0.145
lar,0.145
plsB,0.145
Z4907,0.145
yedO,0.145
c4420,0.145
Z1787,0.145
Z1378,0.145
c0270,0.145
yajQ,0.145
trpC,0.145
Z1594,0.145
rdlB,0.145
ECs4974,0.145
ydeD,0.145
arcZ,0.145
Z3622,0.145
cytR,0.145
c1653,0.145
prpB,0.145
glpD,0.145
Z2511,0.145
c1590,0.145
Z3126,0.145
Z3934,0.145
c2440,0.145
c2193,0.145
spr,0.14
atoS,0.14
ydaT,0.14
flhE,0.14
recO,0.14
c1694,0.14
Z3292,0.14
fepE,0.14
rbsD,0.14
ECs5539,0.14
Z4695,0.14
yfiP,0.14
Z1687,0.14
yjhP,0.14
Z0343,0.14
gltJ,0.14
Z5444,0.14
Z0249,0.14
Z1459,0.14
Z0509,0.14
Z3272,0.14
kdpC,0.14
c2770,0.14
slt,0.135
yqaE,0.135
c1542,0.135
yeeW,0.135
glk,0.135
ydgA,0.135
c0080,0.135
rimO,0.135
cyoD,0.135
yhhN,0.135
Z2991,0.135
Z1542,0.135
yjbB,0.135
escJ,0.135
Z3601,0.135
ECs5421,0.135
fruK,0.135
hofB,0.135
c1764,0.135
Z2344,0.135
c4422,0.135
proV,0.135
c1194,0.135
ecpD,0.135
clpS,0.13
ftsZ,0.13
Z1555,0.13
fldB,0.13
ECs1182,0.13
ECs2760,0.13
ydfX,0.13
c0746,0.13
lomK,0.13
c3427,0.13
c2142,0.13
ycjM,0.13
ymiA,0.13
yjcF,0.13
ordL,0.13
ybhS,0.13
ycgN,0.13
Z0840,0.13
c3390,0.13
c0959,0.13
yohJ,0.13
lacY,0.13
fecD,0.13
c5301,0.13
mioC,0.13
c0946,0.13
Z0894,0.13
c4777,0.13
yidE,0.13
Z4856,0.13
Z2988,0.13
c0332,0.13
c0361,0.13
Z1481,0.13
vsr,0.125
Z0272,0.125
Z5162,0.125
aceE,0.125
c5464,0.125
c3919,0.125
Z3932,0.125
cyoE,0.125
Z0980,0.125
hisC,0.125
fadJ,0.125
Z0326,0.125
c3393,0.125
ECs1226,0.125
c1036,0.125
betA,0.125
c4177,0.125
c0290,0.125
Z1552,0.125
c0430,0.125
ybeJ,0.125
pfkA,0.125
flgG,0.125
torS,0.125
Z2983,0.125
fadB,0.125
Z2058,0.125
c4769,0.125
rpe,0.12
grxC,0.12
hisL,0.12
c3549,0.12
c1041,0.12
cutA,0.12
c2891,0.12
ydfE,0.12
ygdK,0.12
rhsD,0.12
yigZ,0.12
cusR,0.12
fimA,0.12
holE,0.12
c4772,0.12
c3568,0.12
ECs4961,0.12
c1472,0.12
Z5885,0.12
ygcO,0.12
Z1622,0.12
c1800,0.12
dadX,0.12
c4539,0.12
ECs4979,0.12
c3197,0.12
c1432,0.12
folP,0.115
pgaA,0.115
Z3231,0.115
serA,0.115
pepB,0.115
Z4185,0.115
yihU,0.115
Z5687,0.115
rrmA,0.115
fklB,0.115
plsC,0.115
ubiA,0.115
yraH,0.115
ygaU,0.115
c1809,0.115
jayE,0.115
ECs4990,0.115
fliA,0.115
c0289,0.115
ECs0823,0.115
ECs4972,0.115
c3394,0.115
ECs1988,0.115
c1193,0.115
Z2800,0.115
c3198,0.115
wcaL,0.115
c1496,0.115
c4568,0.115
hmuV,0.11
sfsA,0.11
accB,0.11
c5190,0.11
pal,0.11
cheY,0.11
beeE,0.11
yeaT,0.11
yffQ,0.11
Z2251,0.11
yedV,0.11
flgL,0.11
c2897,0.11
yjiH,0.11
yaaA,0.11
metB,0.11
dacB,0.11
yfjL,0.11
artJ,0.11
c3633,0.11
c1168,0.11
c3988,0.11
c2404,0.11
espD,0.11
Z2974,0.11
hemB,0.11
c1426,0.11
yphF,0.11
c1400,0.11
c0938,0.11
iroN,0.11
c4778,0.11
Z5151,0.11
c1811,0.11
Z2347,0.11
Z0337,0.11
ampD,0.105
c4281,0.105
ycgE,0.105
cysN,0.105
yaeB,0.105
ydcZ,0.105
fhuA,0.105
ccmF,0.105
waaG,0.105
yjjX,0.105
oppA,0.105
c3566,0.105
Z1444,0.105
celF,0.105
c2347,0.105
trpE,0.105
Z3390,0.105
c0351,0.105
ahpF,0.105
Z3866,0.105
livM,0.105
Z3768,0.105
c5406,0.105
sdsR,0.105
c2922,0.105
ECs1536,0.105
Z5882,0.105
yfdR,0.105
ykfG,0.105
rumB,0.105
c4552,0.105
pinH,0.105
rfe,0.1
yafN,0.1
ECs2227,0.1
yheO,0.1
caiB,0.1
yncE,0.1
yhcB,0.1
c1870,0.1
yadM,0.1
Z2239,0.1
ybhL,0.1
pqiA,0.1
c4579,0.1
c2562,0.1
Z0964,0.1
gatY,0.1
Z0342,0.1
c2984,0.1
tfaE,0.1
pyrC,0.1
birA,0.1
Z5932,0.1
c1893,0.1
cheR,0.1
c3409,0.1
chiA,0.1
Z3310,0.1
c5162,0.1
Z4857,0.1
c3679,0.1
c4512,0.1
c0944,0.1
ynfH,0.1
micC,0.1
Z0252,0.1
c3169,0.1
ECs4980,0.1
edd,0.095
c1203,0.095
rstA,0.095
yrbG,0.095
ynbD,0.095
ECs5496,0.095
yaiE,0.095
hemF,0.095
rpmE,0.095
hcaA1,0.095
thrC,0.095
gltB,0.095
c4020,0.095
c2463,0.095
c3523,0.095
rfaD,0.095
c1492,0.095
Z3935,0.095
yraR,0.095
c4482,0.095
purD,0.095
ECs4984,0.095
Z3395,0.095
Z4227,0.095
c3677,0.095
c1888,0.095
mchB,0.095
c4767,0.095
Z0972,0.095
gcvB,0.09
yciE,0.09
yafJ,0.09
Z1658,0.09
Z3672,0.09
Z1643,0.09
Z5150,0.09
agaV,0.09
yebT,0.09
ydhJ,0.09
c1956,0.09
ydaC,0.09
puuP,0.09
puuB,0.09
c2586,0.09
nirB,0.09
c1213,0.09
yaaX,0.09
c1221,0.09
Z0339,0.09
c2494,0.09
dadA,0.09
c0022,0.09
intL,0.09
c3031,0.09
yrbB,0.085
kpsC,0.085
Z2056,0.085
yccS,0.085
yjgF,0.085
ygiN,0.085
c3571,0.085
trkH,0.085
yhhM,0.085
priA,0.085
Z5028,0.085
ptxA,0.085
Z2059,0.085
bioB,0.085
celC,0.085
Z2354,0.085
aldH,0.085
Z0264,0.085
yjgQ,0.085
c1199,0.085
ymfQ,0.085
pldA,0.085
tbpA,0.085
yaeO,0.085
Z2323,0.085
fliL,0.085
hybA,0.085
Z0416,0.085
c0301,0.085
c0943,0.085
Z6021,0.085
c4484,0.085
rpoE,0.085
c5386,0.085
ynjC,0.085
Z1479,0.085
yfcR,0.085
fpr,0.085
Z3243,0.085
Z0885,0.085
cpdB,0.08
c1106,0.08
gltL,0.08
chbF,0.08
symE,0.08
wzzE,0.08
yaiN,0.08
Z1878,0.08
yhfV,0.08
c4311,0.08
Z2364,0.08
Z1550,0.08
c5206,0.08
panD,0.08
intA,0.08
ymdB,0.08
ECs2203,0.08
ECs5445,0.08
secB,0.08
Z2225,0.08
ybiP,0.08
yicP,0.08
yajB,0.08
c3240,0.08
c3660,0.08
yjgL,0.08
nadB,0.08
c3572,0.08
ECs5495,0.08
espF,0.08
c0312,0.08
arp,0.08
c2149,0.08
prpE,0.08
Z1780,0.08
bioA,0.08
c4761,0.08
ybgH,0.08
yjdG,0.075
phoH,0.075
sfaB,0.075
dnaQ,0.075
trmA,0.075
ydgB,0.075
ycjD,0.075
c1293,0.075
c1881,0.075
c3063,0.075
ECs1072,0.075
intU,0.075
ygiP,0.075
Z3784,0.075
pepQ,0.075
uidB,0.075
c0313,0.075
phnD,0.075
yjcQ,0.075
pgtC,0.075
ydfO,0.075
ycjW,0.075
dsrA,0.075
c3595,0.075
c1172,0.075
ECs3864,0.075
c4520,0.075
ECs5532,0.07
c3010,0.07
yheM,0.07
ykfE,0.07
fimI,0.07
yrdD,0.07
fliY,0.07
ECs1099,0.07
yecA,0.07
ydfU,0.07
ydcW,0.07
ydeN,0.07
c1190,0.07
Z2372,0.07
yaaH,0.07
ECs1231,0.07
gntR,0.07
c3618,0.07
rseA,0.07
Z2370,0.07
c3166,0.07
c1412,0.07
yddH,0.07
Z3348,0.07
yjjV,0.065
yfdN,0.065
ycgV,0.065
speE,0.065
yaiA,0.065
pmbA,0.065
yagF,0.065
ygdD,0.065
ECs5458,0.065
yfiD,0.065
stfR,0.065
sgaB,0.065
ynfC,0.065
c3935,0.065
yhiR,0.065
yphD,0.065
Z1604,0.065
ydjS,0.065
Z4186,0.065
Z0275,0.065
lldR,0.065
folB,0.065
fba,0.065
c1620,0.065
glmZ,0.065
c2118,0.065
c4500,0.065
Z0316,0.065
yiaH,0.065
mtlD,0.065
yfeT,0.065
c4575,0.065
c5373,0.065
c3391,0.065
ydeU,0.065
c1885,0.065
yhbJ,0.06
xseA,0.06
intD,0.06
c5196,0.06
yiiM,0.06
araE,0.06
yaeD,0.06
celB,0.06
c2438,0.06
ybbQ,0.06
Z2224,0.06
trpA,0.06
ycgW,0.06
c1196,0.06
yicG,0.06
chuA,0.06
yafP,0.06
c0757,0.06
Z1387,0.06
c5025,0.06
c3143,0.06
c3718,0.06
ybhK,0.06
wcaK,0.06
ECs5480,0.06
ECs1664,0.06
Z1922,0.06
c1216,0.06
ylbB,0.06
thiS,0.06
iutA,0.06
Z4317,0.06
atpA,0.055
c4754,0.055
adhC,0.055
rrfC,0.055
yacG,0.055
gltK,0.055
yqhD,0.055
Z1919,0.055
yqfA,0.055
Z4193,0.055
cspF,0.055
pgaD,0.055
ydhZ,0.055
tfaP,0.055
Z1823,0.055
ydhK,0.055
Z2759,0.055
ECs5565,0.055
Z3651,0.055
yoaC,0.055
yhbP,0.055
c1554,0.055
c4533,0.055
c5246,0.055
Z3115,0.055
c4214,0.055
ECs1957,0.055
c5154,0.055
Z0891,0.055
Z4832,0.055
intV,0.055
c5432,0.055
c0964,0.05
intS,0.05
yebU,0.05
ECs0826,0.05
rfaQ,0.05
atpG,0.05
yobD,0.05
Z1921,0.05
c3400,0.05
eutG,0.05
yehY,0.05
yhjK,0.05
ECs1673,0.05
ydcV,0.05
murR,0.05
tir,0.05
Z2353,0.05
c2452,0.05
fdhD,0.05
c4828,0.05
ybjJ,0.05
yqeC,0.05
hybE,0.05
c0719,0.05
c3389,0.05
xylB,0.05
c4983,0.05
c4526,0.05
intH,0.05
ygfT,0.05
Z1546,0.05
ppnK,0.045
dgt,0.045
Z3072,0.045
cutF,0.045
Z3912,0.045
c3665,0.045
ybaV,0.045
hisG,0.045
c2468,0.045
chpS,0.045
Z2394,0.045
mgtA,0.045
ydaF,0.045
c2411,0.045
emrA,0.045
yagI,0.045
c3713,0.045
Z0310,0.045
c3605,0.045
fieF,0.045
intW,0.045
ECs4982,0.045
murP,0.045
c0412,0.045
c2416,0.045
pgtA,0.045
ECs4948,0.045
c1224,0.045
terD_2,0.045
Z4851,0.045
c4213,0.045
ECs1821,0.04
c1551,0.04
atpC,0.04
yedW,0.04
ybjP,0.04
Z1972,0.04
ydaK,0.04
Z1841,0.04
c2409,0.04
ybaP,0.04
Z2085,0.04
c4208,0.04
Z2771,0.04
cafA,0.04
waaL,0.04
c3603,0.04
ECs2800,0.04
ycaC,0.04
yihR,0.04
Z2396,0.04
Z5140,0.04
ybgA,0.04
Z2973,0.04
fliM,0.04
yqjG,0.04
ybiN,0.04
c1438,0.04
araA,0.04
c0304,0.04
Z1778,0.04
Z1476,0.04
c3446,0.04
Z1844,0.04
phnP,0.04
stpA,0.035
Z4196,0.035
c1838,0.035
cyoC,0.035
c5435,0.035
Z2121,0.035
ECs5391,0.035
ydgT,0.035
c0754,0.035
sitA,0.035
spaP,0.035
yecE,0.035
yqjK,0.035
xisW,0.035
ECs2006,0.035
c1265,0.035
acpS,0.035
Z0309,0.035
Z4066,0.035
c1571,0.035
yegW,0.035
Z1500,0.035
c3565,0.035
c2988,0.035
tyrA,0.03
c2059,0.03
rzpR,0.03
tus,0.03
cspI,0.03
ydaV,0.03
Z3495,0.03
c2931,0.03
yccR,0.03
cobU,0.03
Z3644,0.03
yaeE,0.03
ybjX,0.03
c2430,0.03
ynjD,0.03
yedU,0.03
Z1519,0.03
c3187,0.03
rem,0.03
ybjG,0.03
c4529,0.03
c1534,0.03
Z2078,0.03
Z2560,0.03
ECs1243,0.03
Z0463,0.03
c1222,0.03
c3597,0.03
yeaC,0.03
yidK,0.03
c3224,0.03
c4564,0.03
Z5887,0.03
c0650,0.03
c3392,0.03
metH,0.03
Z1483,0.03
dmsB,0.025
focF,0.025
cof,0.025
c2130,0.025
rrsH,0.025
coxT,0.025
csgA,0.025
ECs4965,0.025
c1437,0.025
solA,0.025
appC,0.025
stfP,0.025
c5210,0.025
kduD,0.025
c2893,0.025
shiA,0.025
c4551,0.025
ybaQ,0.025
bioF,0.025
c0321,0.025
Z1829,0.025
Z2979,0.025
c4566,0.025
ECs1199,0.025
yjfR,0.025
hydH,0.025
nirC,0.02
tmpR,0.02
ycfH,0.02
Z1544,0.02
ECs4592,0.02
c2119,0.02
intE,0.02
yjjY,0.02
qor,0.02
engB,0.02
yhbT,0.02
c2505,0.02
c4536,0.02
cyaY,0.02
suhB,0.02
ECs1400,0.02
eutD,0.02
c3517,0.02
Z3198,0.02
yehC,0.02
Z4323,0.02
c4538,0.02
iucA,0.02
focA,0.02
Z1518,0.02
ECs4944,0.02
cheZ,0.02
c3506,0.02
Z0946,0.02
c1444,0.02
c4534,0.02
Z0319,0.02
Z3585,0.02
Z0893,0.02
c4494,0.02
yhiN,0.015
ppdC,0.015
dsbE,0.015
fcI,0.015
c1406,0.015
flgC,0.015
cpxP,0.015
yegK,0.015
dapE,0.015
yggN,0.015
Z2491,0.015
phnI,0.015
Z4823,0.015
c5300,0.015
cysD,0.015
Z4788,0.015
mrdB,0.015
Z3104,0.015
c2454,0.015
c3873,0.015
flgK,0.015
c0271,0.015
yfcL,0.015
yjhQ,0.015
ykfB,0.015
c4511,0.015
cusS,0.015
Z5904,0.015
entE,0.015
ynfG,0.015
yqjC,0.015
ycdJ,0.015
yfeG,0.015
c5290,0.015
sohA,0.01
yodA,0.01
rbsK,0.01
c1490,0.01
Z2389,0.01
modD,0.01
ugpB,0.01
yaiM,0.01
yccC,0.01
acrB,0.01
basR,0.01
Z0260,0.01
c0282,0.01
Z1326,0.01
ynfM,0.01
c4567,0.01
ymgD,0.01
c5192,0.01
Z0025,0.01
c3219,0.01
c5321,0.01
ydeH,0.01
Z2977,0.01
Z0259,0.01
rspB,0.01
Z3242,0.01
Z3230,0.01
c1548,0.01
c2492,0.01
xapB,0.01
ynfO,0.01
c2755,0.01
c4496,0.01
pntA,0.01
Z2100,0.01
sitC,0.01
srlA,0.01
Z2098,0.01
c1270,0.01
c2435,0.01
c2511,0.005
prmA,0.005
arcA,0.005
ybdG,0.005
crp,0.005
fdoI,0.005
c2129,0.005
fucR,0.005
yacC,0.005
Z0884,0.005
sufI,0.005
c4558,0.005
ycaQ,0.005
znuB,0.005
kch,0.005
c4925,0.005
Z2810,0.005
ycgH,0.005
sslE,0.005
yhhA,0.005
c3617,0.005
ydfA,0.005
c3613,0.005
Z1328,0.005
rfaH,0.005
ydfR,3.55e-15
fucP,1.78e-15
aldB,1.78e-15
xni,1.78e-15
yjdH,1.78e-15
Z6024,8.88e-16
c4642,8.88e-16
ytfQ,8.88e-16
c1802,0
c0310,0
c5348,0
Z3609,0
ECs1392,0
yjeB,0
Z3941,-4.44e-16
c1577,-8.88e-16
Z3124,-8.88e-16
yegB,-8.88e-16
Z3933,-8.88e-16
glpC,-1.78e-15
c3251,-1.78e-15
ychP,-3.55e-15
c2501,-0.005
udhA,-0.005
ycjS,-0.005
yedR,-0.005
c2075,-0.005
yedK,-0.005
c3510,-0.005
racR,-0.005
yohK,-0.005
c2433,-0.005
hcaA2,-0.005
ybdB,-0.005
yehI,-0.005
yjiC,-0.005
aceB,-0.005
c2469,-0.005
c5083,-0.005
c3716,-0.005
ygjL,-0.005
c2215,-0.005
Z6078,-0.005
Z1634,-0.005
yadD,-0.005
Z1556,-0.005
Z2343,-0.005
mhpC,-0.01
croE,-0.01
pnuC,-0.01
yhbH,-0.01
flxA,-0.01
c3644,-0.01
sibA,-0.01
Z2976,-0.01
Z1429,-0.01
c0120,-0.01
c4510,-0.01
c3775,-0.01
c1176,-0.01
uidC,-0.01
c2423,-0.01
c3635,-0.01
yfgC,-0.01
Z5893,-0.01
c3610,-0.01
hlyD,-0.01
frwA,-0.015
nuoN,-0.015
ssrA,-0.015
tatD,-0.015
Z2219,-0.015
c4265,-0.015
fdoH,-0.015
c4774,-0.015
c4178,-0.015
c5193,-0.015
yodD,-0.015
c1519,-0.015
gabD,-0.015
Z5886,-0.015
yfjS,-0.015
c0690,-0.015
Z5429,-0.015
Z0615,-0.015
chuS,-0.015
Z1853,-0.015
c0318,-0.015
hybG,-0.02
ECs5556,-0.02
fhuC,-0.02
yihQ,-0.02
Z3116,-0.02
cchA,-0.02
ECs4187,-0.02
c3622,-0.02
ydfV,-0.02
ECs1577,-0.02
ECs5181,-0.02
ECs1391,-0.02
ECs3499,-0.02
c1618,-0.02
asst,-0.02
c3276,-0.02
c3676,-0.02
c4501,-0.02
c1497,-0.02
yhiH,-0.02
Z4046,-0.02
Z3507,-0.025
yaeH,-0.025
proX,-0.025
pnp,-0.025
ygbF,-0.025
Z2427,-0.025
c2434,-0.025
c3507,-0.025
ypdC,-0.025
cheA,-0.025
yieN,-0.025
yagE,-0.025
chbG,-0.025
c1566,-0.025
frvR,-0.025
aceF,-0.025
c1846,-0.025
Z4777,-0.025
envZ,-0.025
c5034,-0.025
ygbA,-0.025
c4765,-0.025
yhhP,-0.025
waaW,-0.025
ECs4947,-0.025
c1005,-0.025
ycdQ,-0.03
csrB,-0.03
yddO,-0.03
yhfA,-0.03
ybaX,-0.03
yciF,-0.03
zntB,-0.03
cybB,-0.03
Z3617,-0.03
Z3240,-0.03
rtn,-0.03
c1596,-0.03
dsdX,-0.03
c5021,-0.03
yjcT,-0.03
Z2265,-0.03
agaZ,-0.03
ECs4977,-0.03
ybbC,-0.03
c0023,-0.03
c2453,-0.03
yjhH,-0.03
c4897,-0.03
yhiQ,-0.03
c4618,-0.03
Z0336,-0.03
c3607,-0.03
c2497,-0.03
Z1663,-0.03
Z1932,-0.035
yiaI,-0.035
yeiR,-0.035
metJ,-0.035
rpiB,-0.035
Z2269,-0.035
waaB,-0.035
yfbL,-0.035
ytfP,-0.035
rstB,-0.035
Z0372,-0.035
yhaL,-0.035
c5043,-0.035
Z6077,-0.035
yeiO,-0.035
c1874,-0.035
c4522,-0.035
cmr,-0.035
ykgF,-0.035
Z1337,-0.035
c1689,-0.035
Z1967,-0.035
c2395,-0.035
c1591,-0.035
c2963,-0.035
c1499,-0.035
Z2255,-0.035
hdeA,-0.035
bolA,-0.04
ydeW,-0.04
rcsC,-0.04
Z4969,-0.04
stfE,-0.04
htrL,-0.04
intZ,-0.04
ygdL,-0.04
Z1480,-0.04
ycgZ,-0.04
fimB,-0.04
Z2223,-0.04
mtgA,-0.04
c1908,-0.04
ampC,-0.04
pmrD,-0.04
flgA,-0.04
yhaK,-0.04
c3889,-0.04
Z4067,-0.04
ureF_2,-0.04
c1522,-0.04
ydhW,-0.04
yagS,-0.04
Z4966,-0.04
c5381,-0.04
pinE,-0.045
Z2708,-0.045
mngR,-0.045
ECs1517,-0.045
ECs4967,-0.045
yliF,-0.045
potI,-0.045
yccZ,-0.045
ydcO,-0.045
ECs1060,-0.045
hcaB,-0.045
ygeD,-0.045
ECs4656,-0.045
ygjU,-0.045
livF,-0.045
nuoI,-0.045
pdxJ,-0.045
ycgB,-0.045
ycdK,-0.045
yqeB,-0.045
c0275,-0.045
sepL,-0.045
ECs1250,-0.045
c3029,-0.045
c1648,-0.045
tynA,-0.05
rrlC,-0.05
Z1528,-0.05
ECs4998,-0.05
wecB,-0.05
creB,-0.05
citA,-0.05
yjiS,-0.05
Z2403,-0.05
c5044,-0.05
yhaJ,-0.05
ytjA,-0.05
Z5001,-0.05
yfcQ,-0.05
rlmC,-0.05
c3302,-0.05
osmF,-0.05
Z3920,-0.05
entA,-0.05
glcB,-0.05
tilS,-0.05
ybgD,-0.05
yadQ,-0.055
cobS,-0.055
Z4127,-0.055
Z3347,-0.055
ycgT,-0.055
Z4850,-0.055
c2065,-0.055
ftn,-0.055
Z2444,-0.055
exbD,-0.055
ydaW,-0.055
c4179,-0.055
Z5104,-0.055
flhB,-0.055
Z0705,-0.055
c4981,-0.055
c3639,-0.055
cspG,-0.055
ygeY,-0.055
c4309,-0.055
Z1606,-0.055
yhhG,-0.055
ybgS,-0.055
ycfO,-0.055
ECs0310,-0.055
c0375,-0.055
c2201,-0.055
c1761,-0.055
Z3598,-0.055
c0966,-0.055
yhcI,-0.055
gsk,-0.06
yihV,-0.06
ftsI,-0.06
nlpD,-0.06
Z0374,-0.06
ampE,-0.06
Z2186,-0.06
yfjK,-0.06
ampG,-0.06
ssuB,-0.06
c1935,-0.06
dkgA,-0.06
ylaD,-0.06
ECs4548,-0.06
escN,-0.06
ftsN,-0.06
c3681,-0.06
hsdS,-0.06
tap,-0.06
yhcK,-0.06
yjgR,-0.06
ykgD,-0.06
c0302,-0.06
ybeR,-0.06
c0948,-0.06
sibC,-0.06
yaeF,-0.06
yafL,-0.06
Z3641,-0.06
c4757,-0.06
xylR,-0.06
ECs5265,-0.06
ylcG,-0.06
yohG,-0.06
c0316,-0.06
asr,-0.065
c2895,-0.065
yffL,-0.065
ymdC,-0.065
ompN,-0.065
mhpT,-0.065
Z5690,-0.065
melB,-0.065
c2517,-0.065
pspF,-0.065
c1657,-0.065
ygaV,-0.065
yjbD,-0.065
ompR,-0.065
hyaE,-0.065
Z2242,-0.065
spoU,-0.065
envY,-0.065
mscM,-0.065
c2465,-0.065
aroM,-0.065
c3402,-0.065
mqsA,-0.065
yggW,-0.065
Z2788,-0.065
c2460,-0.065
c3274,-0.065
ECs4950,-0.065
c2394,-0.065
Z3618,-0.065
c4508,-0.065
yejG,-0.065
c3686,-0.065
Z3345,-0.065
Z3946,-0.065
Z1547,-0.065
ytfL,-0.07
c1760,-0.07
rnpB,-0.07
c3643,-0.07
c1919,-0.07
cysQ,-0.07
yebN,-0.07
yieM,-0.07
yjdI,-0.07
folA,-0.07
ygaF,-0.07
Z1531,-0.07
Z2431,-0.07
flgB,-0.07
ureD_2,-0.07
Z4045,-0.07
iucC,-0.07
mscL,-0.07
ybbK,-0.07
Z0963,-0.07
def,-0.075
yfiA,-0.075
yhfK,-0.075
c4811,-0.075
degQ,-0.075
rrsD,-0.075
baeS,-0.075
yedP,-0.075
yaiL,-0.075
uppP,-0.075
c1914,-0.075
yeaU,-0.075
wbdQ,-0.075
c1630,-0.075
yphH,-0.075
c1273,-0.075
yeiJ,-0.075
fadE,-0.075
fre,-0.075
c1208,-0.075
c0638,-0.075
yiaJ,-0.08
yobB,-0.08
wcaB,-0.08
yedY,-0.08
c3306,-0.08
ydaS,-0.08
cynS,-0.08
c4770,-0.08
c1225,-0.08
c1675,-0.08
atpD,-0.08
c3444,-0.08
ydjC,-0.08
Z2317,-0.08
glpG,-0.08
Z5895,-0.08
yfhC,-0.08
ECs1758,-0.08
c2456,-0.08
terZ_2,-0.08
aslA,-0.08
yjhG,-0.08
c4280,-0.08
rph,-0.08
c2512,-0.08
yhaR,-0.08
ureC,-0.08
acs,-0.08
yghZ,-0.085
c0481,-0.085
ydeV,-0.085
mcrA,-0.085
c3182,-0.085
yfaV,-0.085
c1968,-0.085
yecR,-0.085
Z0609,-0.085
Z0348,-0.085
c0308,-0.085
nirD,-0.085
Z4849,-0.085
sdiA,-0.085
Z1771,-0.085
Z1881,-0.085
ahr,-0.085
c2503,-0.085
escD,-0.085
ECs4952,-0.085
yehX,-0.085
Z0888,-0.085
Z5201,-0.09
waaI,-0.09
djlA,-0.09
hcaC,-0.09
papJ,-0.09
ycbB,-0.09
sotB,-0.09
ynfL,-0.09
ygdH,-0.09
c0261,-0.09
phoE,-0.09
yhiU,-0.09
ansP,-0.09
ycaL,-0.09
c2403,-0.09
c0762,-0.09
phr,-0.09
elaD,-0.09
cvrA,-0.09
cirA,-0.09
yfeA,-0.09
c0933,-0.09
yciQ,-0.09
cueR,-0.09
c2160,-0.09
ybdK,-0.09
c0765,-0.09
yfaZ,-0.09
Z5617,-0.09
dgkA,-0.095
ygeA,-0.095
fruA,-0.095
Z4318,-0.095
yihP,-0.095
ycgK,-0.095
gatA,-0.095
rpoN,-0.095
cusA,-0.095
eno,-0.095
yedZ,-0.095
yoeA,-0.095
etp,-0.095
ydjR,-0.095
mcaS,-0.095
yqhA,-0.095
ybhR,-0.095
c0222,-0.095
yddQ,-0.095
c4762,-0.095
araJ,-0.095
escR,-0.095
yegE,-0.095
c5376,-0.095
Z0022,-0.095
c2608,-0.095
mdtB,-0.095
ybbL,-0.1
yedA,-0.1
tyrP,-0.1
ydcU,-0.1
tnaA,-0.1
Z5816,-0.1
ynaK,-0.1
betT,-0.1
sepQ,-0.1
ECs4945,-0.1
Z1445,-0.1
gidA,-0.1
ydfB,-0.1
rsmD,-0.1
waaR,-0.1
c4523,-0.1
c4407,-0.1
c0333,-0.1
ygcE,-0.1
glpR,-0.1
Z2980,-0.1
Z4064,-0.1
c1692,-0.1
Z1469,-0.1
ygjE,-0.105
nadC,-0.105
hokE,-0.105
yceH,-0.105
hemC,-0.105
erfK,-0.105
ygjF,-0.105
ycbQ,-0.105
recT,-0.105
c1142,-0.105
c5298,-0.105
c3951,-0.105
Z1605,-0.105
ECs5444,-0.105
Z3614,-0.105
c3190,-0.105
c0060,-0.105
c4205,-0.105
yafX,-0.105
c0478,-0.105
Z0266,-0.105
c5350,-0.105
c4577,-0.11
Z2987,-0.11
c3766,-0.11
wzx,-0.11
yjaE,-0.11
ybcH,-0.11
cysW,-0.11
cpxA,-0.11
hcaT,-0.11
ynfB,-0.11
Z2226,-0.11
c3183,-0.11
essQ,-0.11
matB,-0.11
yeeR,-0.11
yeeJ,-0.11
leuC,-0.11
ydeP,-0.11
fdrA,-0.11
espB,-0.11
ynjH,-0.11
ybgO,-0.11
Z1842,-0.11
yiaY,-0.11
csrA,-0.115
treA,-0.115
Z5129,-0.115
pstS,-0.115
tfaS,-0.115
yeaN,-0.115
c5042,-0.115
frdA,-0.115
yohL,-0.115
sgaU,-0.115
c4548,-0.115
Z3361,-0.115
c4505,-0.115
ccrB,-0.115
c0079,-0.115
ydaM,-0.115
c0470,-0.115
intK,-0.115
terE_2,-0.115
ygcS,-0.115
ydcM,-0.115
Z1488,-0.115
mhpR,-0.115
c2464,-0.115
c4581,-0.115
Z0390,-0.115
ygbT,-0.12
aroE,-0.12
prkB,-0.12
c3646,-0.12
yjeA,-0.12
yfaW,-0.12
c2607,-0.12
Z5924,-0.12
phoP,-0.12
Z5890,-0.12
ycdB,-0.12
yadS,-0.12
c4021,-0.12
c4580,-0.12
c3803,-0.12
yhfT,-0.12
yhdN,-0.12
Z3314,-0.12
ybfD,-0.12
yagR,-0.12
aroP,-0.12
phnJ,-0.12
yheU,-0.125
goaG,-0.125
c1126,-0.125
alkB,-0.125
c3134,-0.125
Z2981,-0.125
ygdB,-0.125
yagN,-0.125
ulaD,-0.125
ECs5422,-0.125
c4025,-0.125
yeaH,-0.125
speC,-0.125
torC,-0.125
c0741,-0.125
cbpA,-0.125
glnL,-0.125
hemY,-0.125
ydiE,-0.125
ygcF,-0.125
yjiN,-0.125
ydhP,-0.13
ubiC,-0.13
yliD,-0.13
c2180,-0.13
c1824,-0.13
ycjN,-0.13
Z1338,-0.13
sgrR,-0.13
yeaR,-0.13
ycdI,-0.13
c5447,-0.13
thiD,-0.13
c1215,-0.13
Z5901,-0.13
fbp,-0.13
ycdU,-0.13
c0942,-0.13
yhbV,-0.13
yfbK,-0.13
ECs4969,-0.13
c3608,-0.13
Z0898,-0.13
ECs1581,-0.13
c1820,-0.13
hsdM,-0.135
lpp,-0.135
yadE,-0.135
c3759,-0.135
yoaD,-0.135
ybaZ,-0.135
ydgI,-0.135
Z1789,-0.135
cueO,-0.135
glpF,-0.135
fliH,-0.135
Z3843,-0.135
hydN,-0.135
gadA,-0.135
bssS,-0.135
Z3625,-0.135
yghU,-0.135
Z3951,-0.135
rdlC,-0.135
fliN,-0.135
c5383,-0.135
yfdM,-0.14
ldtA,-0.14
c5428,-0.14
apbA,-0.14
yahK,-0.14
yciG,-0.14
c4376,-0.14
intQ,-0.14
c2728,-0.14
Z1549,-0.14
yeiN,-0.14
gadY,-0.14
yohC,-0.14
c3669,-0.14
rbn,-0.14
c1144,-0.14
yahI,-0.14
kpsT,-0.14
c4513,-0.14
phpB,-0.14
c5356,-0.14
ECs0810,-0.14
hemX,-0.145
wcaI,-0.145
yejA,-0.145
yjbN,-0.145
Z2222,-0.145
Z4183,-0.145
iadA,-0.145
mutM,-0.145
leuA,-0.145
eutR,-0.145
yihK,-0.145
ECs1342,-0.145
c5163,-0.145
yedS,-0.145
racC,-0.145
ynfN,-0.145
c1495,-0.145
yehW,-0.145
hlyE,-0.145
galS,-0.145
fhiA,-0.145
c1268,-0.145
c3771,-0.145
papK,-0.145
molR_B,-0.145
yheG,-0.145
flhA,-0.15
ymcA,-0.15
iraM,-0.15
yihZ,-0.15
yfeR,-0.15
c4182,-0.15
rimJ,-0.15
yhfR,-0.15
cusF,-0.15
yceI,-0.15
yodB,-0.15
yncJ,-0.15
yjbI,-0.15
yhdP,-0.15
ECs5498,-0.15
c4502,-0.15
flgH,-0.15
ECs4989,-0.15
Z5946,-0.15
setA,-0.15
cysC,-0.15
Z5224,-0.15
ylbE,-0.15
hdeD,-0.15
yhhQ,-0.15
narU,-0.15
ECs5463,-0.15
Z1089,-0.15
Z3062,-0.15
c1833,-0.15
yehM,-0.15
c4779,-0.15
avtA,-0.155
ygdR,-0.155
fliS,-0.155
ppdB,-0.155
c1469,-0.155
argF,-0.155
ybaW,-0.155
citE,-0.155
c0009,-0.155
gst,-0.155
prpD,-0.155
rnlB,-0.155
ybbT,-0.155
ECs4997,-0.155
nupX,-0.155
hyaF,-0.155
yegO,-0.155
citF,-0.155
hyfH,-0.155
c3175,-0.155
Z2268,-0.155
c2169,-0.155
c3682,-0.155
Z2189,-0.16
Z2221m,-0.16
ycbS,-0.16
yeiT,-0.16
c3188,-0.16
crl,-0.16
c3193,-0.16
c3340,-0.16
tar,-0.16
ilvH,-0.16
ECs5381,-0.16
Z1987,-0.16
Z2795,-0.16
htrE,-0.16
tpiA,-0.16
c4434,-0.16
antU,-0.16
Z3156,-0.16
c3734,-0.165
Z2104,-0.165
ycaD,-0.165
mutT,-0.165
flgN,-0.165
ybeM,-0.165
yciW,-0.165
yfcF,-0.165
c0670,-0.165
coaD,-0.165
aat,-0.165
entB,-0.165
ycgX,-0.165
yagX,-0.165
c1611,-0.165
aas,-0.165
ECs5398,-0.165
yghD,-0.165
ykfA,-0.165
mnmE,-0.165
fecA,-0.165
Z2990,-0.165
c3752,-0.165
Z5523,-0.165
yhaU,-0.165
ydeF,-0.165
hupA,-0.17
yihE,-0.17
ECs5411,-0.17
c4437,-0.17
yfdL,-0.17
sgbH,-0.17
yegP,-0.17
potH,-0.17
Z3097,-0.17
psuT,-0.17
acrF,-0.17
ydaU,-0.17
c1323,-0.17
Z4205,-0.17
yaiB,-0.17
yfeK,-0.17
Z5684,-0.17
osmY,-0.17
yejE,-0.17
sseA,-0.17
yjiL,-0.17
Z3597,-0.17
yfdK,-0.17
c0293,-0.17
msrA,-0.175
purT,-0.175
yiiD,-0.175
gloB,-0.175
ykgJ,-0.175
ECs5518,-0.175
casE,-0.175
frdC,-0.175
yegR,-0.175
Z3513,-0.175
flgJ,-0.175
ybbI,-0.175
yeeP,-0.175
c2749,-0.175
ryhB,-0.175
yhaH,-0.18
ureG_2,-0.18
chpB,-0.18
thrA,-0.18
ygcP,-0.18
ascF,-0.18
yfdF,-0.18
kgtP,-0.18
yhdA,-0.18
ybbZ,-0.18
ydfJ,-0.18
c1155,-0.18
yojH,-0.18
wcaG,-0.18
c3178,-0.18
c0940,-0.18
Z2055,-0.18
sidI,-0.18
prpC,-0.18
ugd,-0.18
ybbX,-0.18
yiiU,-0.185
Z4201,-0.185
yffB,-0.185
yecK,-0.185
gluQ,-0.185
c0937,-0.185
stfQ,-0.185
ydjK,-0.185
metN,-0.185
yjiM,-0.185
ssrS,-0.185
c0253,-0.185
c1585,-0.185
c4836,-0.185
c1441,-0.185
yagW,-0.185
yeaW,-0.185
phnH,-0.185
Z2749,-0.185
ECs2167,-0.185
pgi,-0.185
ygbK,-0.185
ynfE,-0.185
yphB,-0.185
c1337,-0.185
yhbQ,-0.185
c4735,-0.185
Z4106,-0.185
ybiO,-0.19
yagB,-0.19
fliF,-0.19
hupB,-0.19
intB,-0.19
yjjP,-0.19
pqqL,-0.19
yrbL,-0.19
ydcK,-0.19
hemN,-0.19
c1740,-0.19
c5078,-0.19
yqiG,-0.19
ydiV,-0.19
ydhT,-0.19
ymcC,-0.19
c0640,-0.19
dicC,-0.19
chuU,-0.19
Z2348,-0.19
Z0419,-0.19
c4562,-0.195
Z1325,-0.195
ydjI,-0.195
argG,-0.195
ytfM,-0.195
c4973,-0.195
ydhL,-0.195
rbsR,-0.195
cpxR,-0.195
hybC,-0.195
ybcI,-0.195
c1274,-0.195
c3671,-0.195
Z0308,-0.195
c0428,-0.195
c2574,-0.195
c1538,-0.195
waaU,-0.2
sugE,-0.2
cpsB,-0.2
frlB,-0.2
tfaR,-0.2
Z5221,-0.2
ydaQ,-0.2
fhuD,-0.2
potE,-0.2
c5334,-0.2
c1801,-0.2
c3559,-0.2
c2610,-0.2
yjeP,-0.2
frwB,-0.2
Z3162,-0.2
iucB,-0.2
ECs5382,-0.2
glnG,-0.2
Z5902,-0.2
ycjU,-0.2
c3309,-0.205
metQ,-0.205
ydcH,-0.205
cspD,-0.205
yeaS,-0.205
Z1930,-0.205
ECs5437,-0.205
yidA,-0.205
ybbM,-0.205
yfhK,-0.205
ydaA,-0.205
c1918,-0.205
evgA,-0.205
Z0005,-0.205
yeeY,-0.205
Z1557,-0.205
Z1963,-0.205
c2676,-0.205
c0280,-0.205
c3225,-0.205
caiC,-0.205
pabA,-0.21
nrdE,-0.21
c0507,-0.21
cadC,-0.21
Z3626,-0.21
hyaD,-0.21
yicH,-0.21
gidB,-0.21
mtr,-0.21
Z0065,-0.21
iroC,-0.21
yfgF,-0.21
emrB,-0.21
recQ,-0.21
yjhB,-0.21
livK,-0.21
amtB,-0.21
c2300,-0.21
mdoC,-0.21
Z4197,-0.21
ybdL,-0.21
ygbD,-0.21
c0255,-0.21
Z1854,-0.21
ydiR,-0.215
caiA,-0.215
c2421,-0.215
ydjL,-0.215
c4830,-0.215
ygdE,-0.215
fliE,-0.215
sgcA,-0.215
c3609,-0.215
greB,-0.215
rzpQ,-0.215
c1158,-0.215
ECs1180,-0.215
ECs5433,-0.215
fliG,-0.215
yhhU,-0.215
c4499,-0.215
yfjR,-0.215
chaA,-0.215
wcaC,-0.22
ydeZ,-0.22
yjgJ,-0.22
c0435,-0.22
ppc,-0.22
phnO,-0.22
ryjA,-0.22
c5023,-0.22
kil,-0.22
ykgG,-0.22
c0869,-0.22
c1202,-0.22
yebW,-0.22
c3703,-0.22
c0705,-0.22
codB,-0.22
yehA,-0.22
fecB,-0.22
cyoB,-0.22
Z0404,-0.22
ygcY,-0.22
yhiX,-0.22
intO,-0.22
c2163,-0.22
c3636,-0.22
c2419,-0.225
gcvT,-0.225
yrdA,-0.225
galR,-0.225
rsmC,-0.225
ymcB,-0.225
c5038,-0.225
ptr,-0.225
nrdH,-0.225
ybaT,-0.225
hyfG,-0.225
ygiL,-0.225
yafM,-0.225
yejF,-0.225
c3637,-0.225
Z2786,-0.225
yihT,-0.225
c1219,-0.225
ybdJ,-0.23
yccE,-0.23
exuR,-0.23
Z2187,-0.23
fimC,-0.23
Z1449,-0.23
fdhE,-0.23
yafD,-0.23
Z1850,-0.23
yieL,-0.23
hycC,-0.23
ydgE,-0.23
Z2253,-0.23
cspH,-0.23
c4889,-0.23
yahF,-0.23
Z1329,-0.23
c2422,-0.23
sfa,-0.23
Z6061,-0.235
yifE,-0.235
yggB,-0.235
yiiR,-0.235
c3194,-0.235
fliT,-0.235
purH,-0.235
hsdR,-0.235
c1197,-0.235
yagQ,-0.235
Z6044,-0.235
ybjH,-0.235
yehV,-0.235
c5170,-0.235
c4483,-0.235
c4920,-0.235
ECs1706,-0.24
yaaY,-0.24
nepI,-0.24
yggC,-0.24
yhhW,-0.24
basS,-0.24
ppiA,-0.24
c3200,-0.24
sgcX,-0.24
rrrQ,-0.24
entD,-0.24
barA,-0.24
c1074,-0.24
yliI,-0.24
ybeL,-0.24
yegX,-0.24
Z4190,-0.24
ymgE,-0.24
c2791,-0.24
hyfB,-0.24
c0954,-0.24
yjfF,-0.24
c2295,-0.245
menG,-0.245
yqhC,-0.245
yieP,-0.245
yncD,-0.245
cynR,-0.245
c3649,-0.245
c0854,-0.245
ilvA,-0.245
yegS,-0.245
ydfK,-0.245
gipA,-0.245
yagT,-0.245
Z3392,-0.245
fliJ,-0.245
yfdY,-0.25
c5075,-0.25
yfjW,-0.25
ygaP,-0.25
narQ,-0.25
c5233,-0.25
yfiB,-0.25
acrD,-0.25
ddpF,-0.25
Z5352,-0.25
ybeS,-0.25
Z1458,-0.25
c0631,-0.25
Z3695,-0.25
c5355,-0.25
Z1849,-0.25
Z5222,-0.25
glgX,-0.255
hyaC,-0.255
c0888,-0.255
feaR,-0.255
rbsB,-0.255
leuD,-0.255
intP_2,-0.255
hycF,-0.255
c5033,-0.255
adhE,-0.255
ECs2142,-0.255
norV,-0.255
c5377,-0.255
c0760,-0.255
Z5888,-0.255
ybaN,-0.26
cfa,-0.26
gmd,-0.26
trpR,-0.26
yfiK,-0.26
ybfN,-0.26
yqeG,-0.26
wecC,-0.26
fliP,-0.26
uraA,-0.26
yagV,-0.26
yfcH,-0.26
yhbX,-0.26
uxaA,-0.26
dmsC,-0.26
fsr,-0.26
c5449,-0.26
c2266,-0.26
c3598,-0.26
c0360,-0.26
c4204,-0.26
c0952,-0.26
yajR,-0.265
c3307,-0.265
asnA,-0.265
c2624,-0.265
bdcR,-0.265
cpsG,-0.265
yhgN,-0.265
glgB,-0.265
Z2176,-0.265
Z5863,-0.265
c3405,-0.265
ybhM,-0.265
yieO,-0.265
yjdJ,-0.265
c1855,-0.265
arsR,-0.265
c1175,-0.265
Z3393,-0.265
c1153,-0.265
c4503,-0.265
ECs5533,-0.265
c0859,-0.265
proW,-0.265
c1718,-0.27
ydjJ,-0.27
yfdC,-0.27
c2987,-0.27
Z2428,-0.27
ygjK,-0.27
ydiP,-0.27
yeiL,-0.27
ygiW,-0.27
Z5000,-0.27
phnG,-0.27
ymgC,-0.27
Z4048,-0.27
thiP,-0.27
c0827,-0.27
rfaJ,-0.27
Z4080,-0.27
ydgC,-0.27
Z1851,-0.27
c4497,-0.27
Z0443,-0.27
ybcZ,-0.27
yieG,-0.27
menA,-0.275
c4535,-0.275
Z1822,-0.275
yjhI,-0.275
yebB,-0.275
ydaJ,-0.275
csgB,-0.275
c3467,-0.275
Z2975,-0.275
yihD,-0.275
Z1553,-0.275
glcC,-0.275
ybiX,-0.275
c3353,-0.275
rybB,-0.275
c2938,-0.275
c1659,-0.28
lasT,-0.28
yfaU,-0.28
fimF,-0.28
Z0897,-0.28
ynaF,-0.28
wcaJ,-0.28
yhfW,-0.28
Z1852,-0.28
fepC,-0.28
glcG,-0.28
ygbL,-0.28
thiC,-0.28
c1145,-0.28
c4984,-0.28
c1466,-0.28
Z1456,-0.28
ygaT,-0.28
Z2119,-0.28
Z5894,-0.28
argB,-0.285
yfaX,-0.285
ECs0239,-0.285
ybfB,-0.285
emrK,-0.285
c2255,-0.285
tauB,-0.285
ykgL,-0.285
ECs4951,-0.285
citD,-0.285
hopD,-0.285
Z4200,-0.285
c1294,-0.285
ygiK,-0.285
c0008,-0.285
dacD,-0.285
ykfH,-0.285
Z2278,-0.29
rnlA,-0.29
rluF,-0.29
c0697,-0.29
hemG,-0.29
leuL,-0.29
c2609,-0.29
c5314,-0.29
lhgO,-0.29
yibF,-0.29
ycjO,-0.29
arcC,-0.29
yagH,-0.29
c0795,-0.29
Z0431,-0.29
c3040,-0.29
fepB,-0.29
c0262,-0.29
c3773,-0.29
ypjF,-0.295
yfjY,-0.295
ybcQ,-0.295
Z0851,-0.295
Z3136,-0.295
yhdX,-0.295
yqjD,-0.295
hemH,-0.295
ycjR,-0.295
yneB,-0.295
casD,-0.295
argR,-0.295
grxA,-0.295
ybaK,-0.295
c1569,-0.295
yagJ,-0.295
c2457,-0.295
afuC,-0.295
yggR,-0.295
c4524,-0.295
ytfE,-0.295
ECs3006,-0.3
kduI,-0.3
ydjG,-0.3
fimH,-0.3
yagY,-0.3
yfjT,-0.3
Z2282,-0.3
fliQ,-0.3
yjdA,-0.3
c0330,-0.3
Z0423,-0.3
spf,-0.3
yjcB,-0.3
yqeA,-0.305
yafE,-0.305
udp,-0.305
hofC,-0.305
c2480,-0.305
papA,-0.305
hyfE,-0.305
ECs1191,-0.305
ydcR,-0.305
yijE,-0.305
nudE,-0.305
yfhL,-0.305
ydeJ,-0.305
yfjV,-0.305
Z2666,-0.305
ygbJ,-0.305
adrA,-0.305
casB,-0.31
yffG,-0.31
dicB,-0.31
yeiU,-0.31
ygjP,-0.31
yfaO,-0.31
c0339,-0.31
rtcA,-0.31
c3761,-0.31
Z5930,-0.31
yahB,-0.31
c2686,-0.31
ydjA,-0.31
yacH,-0.31
nohB,-0.31
c4277,-0.31
csiD,-0.31
c0971,-0.31
cchB,-0.31
c1879,-0.31
ydiM,-0.31
yfiM,-0.315
creC,-0.315
pgaB,-0.315
ypeC,-0.315
c2643,-0.315
wcaA,-0.315
yebS,-0.315
yhiO,-0.315
aphA,-0.315
yaiT,-0.315
dmsA,-0.315
sgrS,-0.315
mngB,-0.315
ycjV,-0.315
fliI,-0.315
Z0110,-0.315
ECs1190,-0.315
yrfD,-0.315
c3579,-0.315
Z0023,-0.315
ybfP,-0.32
ansB,-0.32
ydcS,-0.32
sgcC,-0.32
waaZ,-0.32
hyfF,-0.32
ykfI,-0.32
fecR,-0.32
yfaP,-0.32
c3840,-0.32
adiA,-0.32
c0277,-0.32
c3675,-0.32
c3397,-0.32
ydhU,-0.32
ECs5487,-0.32
c3891,-0.32
c3670,-0.32
Z6073,-0.32
bisC,-0.325
ybfC,-0.325
yhbL,-0.325
gatB,-0.325
rffH,-0.325
yagL,-0.325
sbmA,-0.325
Z3494,-0.325
yfjU,-0.325
ilvM,-0.325
c0549,-0.325
tauC,-0.325
c0947,-0.325
ynfF,-0.325
c0763,-0.325
ECs1613,-0.325
yfdQ,-0.33
pckA,-0.33
Z4209,-0.33
nadA,-0.33
terF_2,-0.33
c3943,-0.33
c2669,-0.33
yjdE,-0.33
c0446,-0.33
fecC,-0.33
c4838,-0.33
yfeW,-0.335
ECs2253,-0.335
ygiD,-0.335
ykgB,-0.335
ygbI,-0.335
yrfF,-0.335
yfcU,-0.335
Z1538,-0.335
molR_D,-0.335
fimE,-0.335
c1443,-0.335
yafW,-0.335
c3234,-0.335
ycdL,-0.335
c1315,-0.335
Z0442,-0.335
ybdR,-0.34
c3023,-0.34
vacB,-0.34
hisQ,-0.34
ybaS,-0.34
ygaE,-0.34
Z4734m,-0.34
c0968,-0.34
agaS,-0.34
c4419,-0.34
iciA,-0.34
Z1327,-0.34
ynbA,-0.34
yfbP,-0.34
c2420,-0.34
sgbU,-0.34
ECs0808,-0.34
yegZ,-0.345
c1008,-0.345
Z2718,-0.345
Z3388,-0.345
nac,-0.345
bluF,-0.345
yhhS,-0.345
c4531,-0.345
Z1026,-0.345
Z5940,-0.345
yhfZ,-0.345
yfjQ,-0.345
c0393,-0.345
ygcX,-0.345
lysR,-0.35
dcuA,-0.35
ybgP,-0.35
tnaL,-0.35
proP,-0.35
c0646,-0.35
insA,-0.35
yahN,-0.35
iroB,-0.35
Z3086,-0.35
argI,-0.35
malP,-0.35
yhhK,-0.35
clpA,-0.35
ugpQ,-0.35
yahG,-0.35
c3171,-0.35
rprA,-0.35
Z0706,-0.35
yjdB,-0.355
mcrB,-0.355
c2913,-0.355
c3672,-0.355
Z2192,-0.355
motA,-0.355
yfjP,-0.355
c3146,-0.355
ykgE,-0.355
citC,-0.355
yjfK,-0.355
c5027,-0.355
yehL,-0.355
c2530,-0.355
Z1824,-0.355
ytfB,-0.36
mdh,-0.36
csgD,-0.36
ydeQ,-0.36
soxR,-0.36
yiaL,-0.36
ybjE,-0.36
ECs2753,-0.36
Z3024,-0.36
c2973,-0.36
yafY,-0.36
Z3715,-0.36
hns,-0.365
Z0656,-0.365
yddA,-0.365
carB,-0.365
wcaH,-0.365
fimD,-0.365
c2854,-0.365
Z3260,-0.365
ypfG,-0.365
entC,-0.365
yjjB,-0.365
manX,-0.365
c3411,-0.365
c2371,-0.365
c3379,-0.365
c4168,-0.365
yojI,-0.365
c5312,-0.365
c3949,-0.365
hyfI,-0.365
ytfK,-0.37
yfcC,-0.37
c1702,-0.37
c4942,-0.37
nudC,-0.37
yegJ,-0.37
phnN,-0.37
Z0387,-0.37
ldrB,-0.37
c0119,-0.37
c5151,-0.37
c1960,-0.375
nlp,-0.375
yjbQ,-0.375
yaeR,-0.375
frlC,-0.375
yfjM,-0.375
ykgC,-0.375
yejB,-0.375
dipZ,-0.375
yfhH,-0.375
Z3394,-0.375
Z5211,-0.375
rob,-0.375
Z2362,-0.375
c3774,-0.375
ilvE,-0.375
c3751,-0.375
ygiH,-0.375
c2485,-0.375
aldA,-0.375
yjeK,-0.38
yjdL,-0.38
c2388,-0.38
yhcG,-0.38
lyxK,-0.38
Z1535,-0.38
c3265,-0.38
fecI,-0.38
Z1596,-0.38
c3614,-0.38
c0958,-0.38
c2925,-0.38
yafS,-0.385
tag,-0.385
yjbR,-0.385
fhuE,-0.385
Z4999,-0.385
omrB,-0.385
ydeY,-0.385
c1478,-0.385
dgoR,-0.385
mdtM,-0.385
yraQ,-0.385
c1357,-0.39
ybhN,-0.39
yjgZ,-0.39
wcaE,-0.39
ycgG,-0.39
frdB,-0.39
c0362,-0.39
cusB,-0.39
yrdB,-0.39
c2926,-0.39
yfjH,-0.39
hcaD,-0.39
yijP,-0.39
sgcQ,-0.39
ompG,-0.39
thiQ,-0.39
Z3783,-0.39
yeiW,-0.39
cydA,-0.395
pphA,-0.395
kptA,-0.395
yafO,-0.395
c1934,-0.395
yfjX,-0.395
yraN,-0.395
hycD,-0.395
ybhO,-0.395
ydeS,-0.395
ycjP,-0.395
dppF,-0.395
c0192,-0.395
cyoA,-0.395
mobB,-0.395
yhfS,-0.395
ECs3381,-0.395
escV,-0.395
lomU,-0.395
mdlB,-0.4
Z3949,-0.4
motB,-0.4
c0689,-0.4
yjeT,-0.4
c2588,-0.4
ynbB,-0.4
yddB,-0.4
trxC,-0.4
c1861,-0.4
insB1,-0.4
c5346,-0.4
c4352,-0.4
c2288,-0.4
ompF,-0.405
wecD,-0.405
ylbF,-0.405
lysA,-0.405
bax,-0.405
ybaY,-0.405
c5024,-0.405
c0381,-0.405
phnF,-0.405
yibK,-0.405
yjiG,-0.41
ygfG,-0.41
yjaB,-0.41
c3513,-0.41
yfhD,-0.41
yfeS,-0.41
Z5029,-0.41
atoB,-0.41
Z4175,-0.41
c3673,-0.41
c2408,-0.41
c1958,-0.41
c2531,-0.41
cstA,-0.41
ilvG,-0.415
c3192,-0.415
Z0469,-0.415
ubiX,-0.415
casA,-0.415
c0485,-0.415
yjcC,-0.415
ydiT,-0.415
ynhA,-0.415
fliO,-0.415
garR,-0.415
yieI,-0.415
c4527,-0.415
phnL,-0.42
coaA,-0.42
nrfF,-0.42
ygfF,-0.42
pstB,-0.42
yheK,-0.42
yhjS,-0.42
frdD,-0.42
rffG,-0.42
ydiO,-0.42
Z2103,-0.42
c1189,-0.42
c1929,-0.42
osmE,-0.42
c2587,-0.425
fimG,-0.425
c3486,-0.425
ydhS,-0.425
Z1419,-0.425
ybeQ,-0.425
bioH,-0.425
ymdA,-0.425
Z5002,-0.425
c1149,-0.425
ydjH,-0.425
hycE,-0.425
xdhD,-0.425
yhcS,-0.425
c3233,-0.425
c0463,-0.425
hyfD,-0.425
kpsD,-0.425
ycjQ,-0.43
yjhR,-0.43
tldD,-0.43
ycaK,-0.43
c3248,-0.43
c1610,-0.43
fruR,-0.43
ygjH,-0.43
ygbM,-0.43
yphE,-0.43
yheR,-0.43
c3664,-0.43
pbpC,-0.43
trkA,-0.435
yghA,-0.435
ykfC,-0.435
tsr,-0.435
yhjR,-0.435
citX,-0.435
c4556,-0.435
Z0406,-0.44
ybfG,-0.44
Z3066,-0.44
metC,-0.44
yafC,-0.44
yqjH,-0.44
yfdS,-0.44
ygiY,-0.44
Z4207,-0.44
cusC,-0.44
ECs2833,-0.44
ykgI,-0.44
yjfQ,-0.445
argC,-0.445
c1062,-0.445
yiaC,-0.445
Z0651,-0.445
tyrB,-0.445
ygbN,-0.445
wcaF,-0.445
pflD,-0.445
yfaS,-0.445
rcsA,-0.445
emrY,-0.445
c4250,-0.445
c2230,-0.445
rdlD,-0.445
wecE,-0.45
ybfM,-0.45
sgcE,-0.45
yahE,-0.45
ybiF,-0.45
glpA,-0.45
ypdE,-0.45
tauD,-0.45
rnhA,-0.455
c2063,-0.455
c1354,-0.455
yphA,-0.455
ECs3158,-0.455
c3160,-0.455
yraL,-0.455
yjbE,-0.455
gcvH,-0.455
c1624,-0.455
Z5686,-0.455
ycbN,-0.455
c4909,-0.455
Z3224,-0.455
ybjW,-0.455
yfdT,-0.46
yoaG,-0.46
c5389,-0.46
idnO,-0.46
yhdZ,-0.46
argT,-0.46
c5055,-0.46
cynT,-0.46
c3362,-0.46
ebgA,-0.46
c1990,-0.465
ylcE,-0.465
sibD,-0.465
csgC,-0.465
ydeO,-0.465
yigM,-0.465
leuO,-0.465
yjcS,-0.465
c5286,-0.465
radC,-0.47
matA,-0.47
ygiX,-0.47
xylA,-0.47
Z1292,-0.47
c3204,-0.47
araD,-0.47
c2506,-0.47
Z3025,-0.47
fliK,-0.47
yeaA,-0.47
ygcR,-0.475
c0975,-0.475
yfeO,-0.475
c5322,-0.475
ycbJ,-0.475
yneE,-0.475
hyfR,-0.475
Z0253,-0.475
ybiU,-0.475
c3153,-0.475
c3355,-0.48
manY,-0.48
pflC,-0.48
yhiM,-0.48
feoA,-0.48
ycaP,-0.48
phoU,-0.48
mhpA,-0.48
yddR,-0.48
ECs5267,-0.48
pstC,-0.485
yecG,-0.485
yeeL,-0.485
rus,-0.485
ygeO,-0.485
sgcR,-0.485
ybaJ,-0.485
ygcU,-0.49
yfjJ,-0.49
phnB,-0.49
yfjI,-0.49
fecE,-0.49
insL1,-0.49
rayT,-0.49
c0828,-0.49
lfhA,-0.49
yddK,-0.49
djlB,-0.495
mbhA,-0.495
yhfG,-0.495
Z0262,-0.495
yqeI,-0.495
dps,-0.495
yiaT,-0.495
yfjZ,-0.495
insP,-0.495
eutE,-0.495
c1608,-0.495
c2949,-0.495
c2356,-0.495
yjiJ,-0.495
ygeH,-0.5
c0510,-0.5
c0182,-0.5
yjcE,-0.5
yecT,-0.5
yidQ,-0.505
yggM,-0.505
pyrI,-0.505
hisM,-0.505
gutM,-0.505
wcaD,-0.505
Z1291,-0.505
rhsA,-0.505
yqiH,-0.505
ypdI,-0.505
ppdA,-0.51
yhjT,-0.51
yjeM,-0.51
ybhJ,-0.51
yqeF,-0.51
yfcI,-0.51
gltF,-0.51
c5416,-0.51
yeeO,-0.51
csgG,-0.51
iucD,-0.51
Z0489,-0.51
Z4375,-0.515
djlC,-0.515
cydB,-0.515
yebV,-0.515
polA,-0.515
cynX,-0.515
ECs2989,-0.515
yeiQ,-0.515
hmpA,-0.515
gntK,-0.52
aidB,-0.52
glxR,-0.52
c3264,-0.52
yebQ,-0.52
ybhD,-0.52
yfbO,-0.52
fic,-0.52
yhjU,-0.52
arnA,-0.52
c0474,-0.52
thiH,-0.52
trpL,-0.52
ECs5442,-0.52
yhiP,-0.525
yqfE,-0.525
ldrC,-0.525
frwD,-0.525
yjeH,-0.525
yjgX,-0.525
c5088,-0.525
yahM,-0.525
bglF,-0.525
idnK,-0.53
ecnB,-0.53
ECs2704,-0.53
ompW,-0.53
kefC,-0.53
c0703,-0.53
yfdW,-0.53
ydeR,-0.53
ydiL,-0.53
c1704,-0.53
yhaF,-0.53
c1324,-0.535
Z3508,-0.535
c2903,-0.535
yceL,-0.535
lysC,-0.535
yijO,-0.535
ybiV,-0.535
aer,-0.535
c3457,-0.535
yjcH,-0.535
pspG,-0.535
yqgC,-0.54
mngA,-0.54
c2206,-0.54
fixA,-0.54
ECs1379,-0.54
c4743,-0.54
sodB,-0.545
c3354,-0.545
yiiQ,-0.545
yaiY,-0.545
c2589,-0.545
iclR,-0.545
idnR,-0.545
yhfC,-0.545
ssuC,-0.545
yfiR,-0.55
ygfS,-0.55
ygaC,-0.55
Z1288m,-0.55
fimZ,-0.55
c5411,-0.55
zntR,-0.55
yhhT,-0.55
c2317,-0.55
yidF,-0.55
ECs5423,-0.55
yiiS,-0.55
uspA,-0.555
ycbF,-0.555
casC,-0.555
yahC,-0.555
yjeI,-0.555
yigJ,-0.555
nrdI,-0.555
ECs5582,-0.555
Z2366,-0.555
c0408,-0.56
ygjN,-0.56
yccT,-0.56
Z1880,-0.56
c3214,-0.56
fliR,-0.56
Z1871,-0.56
Z3357,-0.56
hycA,-0.56
yahD,-0.56
yaiX,-0.56
yhjD,-0.56
Z4501,-0.56
omrA,-0.56
c0427,-0.56
yjdC,-0.565
yhhX,-0.565
c5493,-0.565
c1312,-0.565
c0092,-0.565
yabF,-0.565
Z2199,-0.565
c2796,-0.565
ECs1418,-0.565
Z0273,-0.565
ECs0275,-0.565
c2858,-0.565
yjfP,-0.57
ECs5484,-0.57
fixB,-0.57
c2612,-0.57
yafZ,-0.57
yffO,-0.575
yhjC,-0.575
yfiN,-0.575
ptsO,-0.575
yieK,-0.575
c5056,-0.575
ydiQ,-0.575
ygfD,-0.575
glpE,-0.575
Z2175,-0.575
atoE,-0.575
c2481,-0.575
Z0978,-0.575
yagK,-0.58
gntT,-0.58
ycaN,-0.58
c5387,-0.58
yqjF,-0.58
yjiV,-0.58
c2911,-0.58
yjiO,-0.58
c4294,-0.58
c3084,-0.585
pagP,-0.585
c0500,-0.585
yahO,-0.585
yedN,-0.585
yegL,-0.585
ybcO,-0.585
yfbH,-0.585
yeaG,-0.585
yfdE,-0.585
yagA,-0.585
mtlR,-0.585
ECs4940,-0.585
Z0654,-0.59
c5129,-0.59
c5388,-0.59
bfr,-0.59
c2705,-0.59
ygaY,-0.59
yheA,-0.59
yfbJ,-0.59
ydgF,-0.59
csgE,-0.59
ygaQ,-0.595
yiaK,-0.595
c5132,-0.595
Z2322,-0.595
yiaU,-0.595
c0488,-0.595
rhtB,-0.595
mmuP,-0.595
hyaB,-0.595
ilvB,-0.595
c4279,-0.595
essD,-0.595
ykfF,-0.595
ydcD,-0.595
creD,-0.6
yjiT,-0.6
yibA,-0.6
tauA,-0.6
eutH,-0.6
c2203,-0.6
yhfY,-0.6
ylcC,-0.6
renD,-0.6
pstA,-0.605
yqcE,-0.605
atoD,-0.605
yghX,-0.605
yjcP,-0.605
yqeJ,-0.605
yidB,-0.605
Z5899,-0.605
xylG,-0.61
yggP,-0.61
c5458,-0.61
eutJ,-0.61
c0438,-0.61
cbl,-0.61
yghO,-0.61
yehH,-0.61
focB,-0.61
yhdT,-0.615
ybcS,-0.615
Z2293,-0.615
ybhP,-0.615
Z5852,-0.615
mcrC,-0.615
yjdF,-0.615
yahL,-0.615
oxyS,-0.615
thiG,-0.615
kdpF,-0.615
yieF,-0.62
insM,-0.62
yfiL,-0.62
ygfH,-0.62
wzc,-0.62
yeaV,-0.62
c3498,-0.62
c3118,-0.62
yffN,-0.625
yiaD,-0.625
yhjM,-0.625
hdfR,-0.625
mhpB,-0.625
yjeN,-0.625
yaiV,-0.625
Z4083m,-0.625
ninE,-0.625
ycfZ,-0.625
c1561,-0.625
ybeF,-0.63
yghG,-0.63
yhiW,-0.63
rhaS,-0.63
c5000,-0.63
lacA,-0.63
ECs2713,-0.63
yhhL,-0.63
c3865,-0.63
Z1769,-0.63
yfcG,-0.635
Z5125,-0.635
yjaH,-0.635
c5282,-0.635
hyfA,-0.635
gip,-0.64
yecI,-0.64
manZ,-0.64
idnT,-0.64
yghF,-0.64
arnT,-0.64
hcaR,-0.64
sokC,-0.64
yhaB,-0.64
ytfH,-0.64
ytfG,-0.64
sfmH,-0.64
ygeZ,-0.64
bssR,-0.64
Z4613,-0.64
c4903,-0.64
mutH,-0.645
c2909,-0.645
ygjV,-0.645
Z0462,-0.645
c0358,-0.645
c5149,-0.645
ybbS,-0.65
ybdN,-0.65
c2459,-0.65
sfmA,-0.65
ldrD,-0.65
cadB,-0.65
cusX,-0.65
c5008,-0.655
c3831,-0.655
yhhJ,-0.655
fixX,-0.655
Z3956,-0.655
c2155,-0.655
ygiZ,-0.66
rhaR,-0.66
ybeU,-0.66
c2917,-0.66
ytfT,-0.66
yidG,-0.66
ssuA,-0.66
yjbH,-0.66
c1535,-0.66
c2666,-0.66
Z0655,-0.665
ECs5564,-0.665
idnD,-0.665
Z4176,-0.665
ivbL,-0.665
insE1,-0.665
caiF,-0.665
trkD,-0.67
yjeO,-0.67
yhcN,-0.67
yghR,-0.67
yibQ,-0.67
yffP,-0.67
rhsB,-0.675
yggF,-0.675
ybbY,-0.675
ybhH,-0.68
c1619,-0.68
yidH,-0.68
c4882,-0.68
ffs,-0.68
Z3648,-0.68
ykiA,-0.68
ybbW,-0.685
rmf,-0.685
yhdV,-0.685
Z3955,-0.685
glgS,-0.685
yagM,-0.685
sfmD,-0.685
ECs5363,-0.685
yjjQ,-0.685
rzoR,-0.685
c0902,-0.685
pyrB,-0.69
ECs1534,-0.69
yafT,-0.69
c0006,-0.69
yggA,-0.69
c2681,-0.69
c1303,-0.69
gcvA,-0.695
glgA,-0.695
yjiR,-0.695
insF1,-0.695
yghE,-0.695
yfbE,-0.695
Z1925,-0.7
Z4858,-0.7
gspL,-0.7
smf,-0.7
c2351,-0.7
xylF,-0.705
yhaC,-0.705
ppdD,-0.705
ytfF,-0.705
yhjV,-0.705
c0039,-0.71
c0756,-0.71
c3944,-0.71
treF,-0.71
acrR,-0.71
yjcZ,-0.71
atoA,-0.71
yfgH,-0.71
yihI,-0.715
yzgL,-0.715
caiT,-0.715
yhiJ,-0.715
yhcD,-0.715
yibL,-0.715
yfdV,-0.715
Z0115,-0.715
c2490,-0.715
c3878,-0.715
yhhH,-0.72
pyrE,-0.72
yrfA,-0.72
pppA,-0.72
Z3750,-0.72
yajI,-0.72
uxaC,-0.72
yibJ,-0.72
elfG,-0.72
Z0332,-0.72
ypdF,-0.72
c1035,-0.72
c3826,-0.725
yfbN,-0.725
yidI,-0.725
csgF,-0.725
c1563,-0.725
yfhR,-0.725
c3113,-0.73
ymfA,-0.73
rtcB,-0.73
ilvL,-0.73
ygeK,-0.73
Z1879,-0.73
Z3849,-0.73
Z4034,-0.73
yjhV,-0.735
frvB,-0.735
gcd,-0.735
yhcE,-0.735
c2474,-0.735
yaeI,-0.735
ttdB,-0.735
c2532,-0.735
eutA,-0.735
c1304,-0.735
wrbA,-0.74
fucO,-0.74
yghT,-0.74
c5229,-0.74
c1887,-0.74
Z4042,-0.74
csrC,-0.745
livJ,-0.745
c2785,-0.745
wecF,-0.75
yfgI,-0.75
yjiY,-0.75
dgoK,-0.75
yjfN,-0.75
ycgY,-0.755
ykgH,-0.755
Z5430,-0.755
Z5287,-0.76
yraK,-0.76
ryeA,-0.76
ypaA,-0.76
hyfC,-0.76
micA,-0.76
ttdA,-0.76
yaaW,-0.765
yiaB,-0.765
ydiN,-0.765
ECs5530,-0.765
Z2264,-0.765
ybaA,-0.77
yhiI,-0.77
metR,-0.77
yibD,-0.77
ylaB,-0.775
xylH,-0.775
c4288,-0.775
yjhF,-0.78
Z4504,-0.78
yaaU,-0.78
sfmF,-0.78
yehR,-0.78
yigE,-0.78
c2117,-0.78
yheD,-0.785
hofD,-0.785
sfmC,-0.785
Z4178,-0.785
yieE,-0.79
c4275,-0.79
ydiF,-0.79
c0385,-0.79
c4140,-0.795
c4174,-0.795
yjhD,-0.795
yqeK,-0.795
ybeT,-0.8
gntU,-0.8
caiE,-0.8
c0471,-0.8
yicN,-0.8
yhjQ,-0.805
yicO,-0.805
ilvN,-0.805
yjeJ,-0.81
yhcQ,-0.81
livH,-0.81
c4688,-0.81
yghW,-0.81
yigI,-0.81
Z1245,-0.81
yqeH,-0.81
Z4171,-0.81
c4999,-0.81
thiE,-0.81
yheH,-0.815
ghxQ,-0.815
yhcR,-0.815
fucA,-0.815
ECs5383,-0.815
yjjN,-0.815
yibH,-0.815
thiF,-0.82
perR,-0.825
ygeG,-0.825
c3433,-0.825
hofG,-0.83
yiaV,-0.83
yicE,-0.83
yghS,-0.83
xylE,-0.835
yagG,-0.835
yiiT,-0.835
yffM,-0.835
nrfC,-0.84
caiD,-0.84
yijF,-0.84
c2489,-0.84
ECs5540,-0.84
citG,-0.84
fumB,-0.84
gspD,-0.845
ygjT,-0.845
mtlA,-0.845
yehK,-0.845
yoeF,-0.85
yhcO,-0.85
arsB,-0.85
yhjN,-0.85
yhcF,-0.85
yrfB,-0.855
carA,-0.855
yqhH,-0.855
yaaI,-0.855
ECs4814,-0.855
ychH,-0.855
ygdI,-0.86
bglJ,-0.86
yibI,-0.86
ygfI,-0.86
Z1038,-0.86
yiaW,-0.865
glgC,-0.865
Z4174,-0.865
yidS,-0.865
c3902,-0.865
yrhB,-0.865
c1636,-0.865
c2993,-0.865
c5424,-0.865
c4650,-0.87
c3526,-0.87
yhfL,-0.87
ECs3934,-0.87
psrN,-0.87
c5270,-0.875
yccJ,-0.875
yjgI,-0.875
yjbF,-0.875
yhiD,-0.88
c3554,-0.88
yhjE,-0.88
yhaI,-0.885
yhjY,-0.89
yaiP,-0.89
yghK,-0.89
malE,-0.89
Z4357,-0.895
yqhG,-0.895
c1375,-0.895
c4868,-0.895
yjfY,-0.895
ycbR,-0.895
c0839,-0.895
Z4585,-0.9
insJ,-0.9
hyaA,-0.9
blc,-0.905
yheI,-0.905
yraJ,-0.905
yjgH,-0.91
c1752,-0.91
bglG,-0.915
hofQ,-0.915
hofH,-0.915
yfaT,-0.915
kbaY,-0.92
yhfU,-0.92
yhjB,-0.925
pinO,-0.925
ECs0371,-0.925
ECs5486,-0.925
yliL,-0.925
yhgA,-0.93
c3666,-0.93
yifK,-0.935
gspK,-0.935
nrfD,-0.935
Z4212,-0.935
yqiJ,-0.935
htrC,-0.935
c5398,-0.935
frlA,-0.94
ygjI,-0.94
argA,-0.94
yqiI,-0.95
yjfZ,-0.95
yaiS,-0.95
c4998,-0.95
ugpE,-0.95
ECs4472,-0.955
fixC,-0.955
feoB,-0.955
hofF,-0.955
dppA,-0.96
ais,-0.96
Z4148,-0.965
yijI,-0.965
glcD,-0.965
yjfA,-0.965
pheM,-0.965
Z5177,-0.97
c3983,-0.97
katG,-0.975
yifB,-0.975
pshM,-0.975
yeiA,-0.975
c5073,-0.975
treR,-0.98
ECs5536,-0.985
ycbW,-0.985
dctA,-0.985
c3478,-0.99
kdgT,-0.99
yidY,-0.995
c5330,-0.995
srlE,-0.995
c3656,-0.995
yhjA,-1
glnK,-1
yadV,-1
mobA,-1
ygfP,-1
yihL,-1
yiaA,-1
yjfL,-1.01
yjfM,-1.01
c4374,-1.01
ybbD,-1.01
agaD,-1.02
Z0793,-1.02
adeP,-1.02
ygjG,-1.02
cadA,-1.02
yihN,-1.03
yiiG,-1.03
c5324,-1.03
nrfA,-1.03
yjaZ,-1.03
Z5324,-1.03
dgoD,-1.03
rybA,-1.03
bglH,-1.04
cbrC,-1.04
ebgC,-1.04
arsC,-1.04
zraP,-1.04
c4626,-1.04
ygjJ,-1.04
ygeN,-1.04
insK,-1.05
yjbA,-1.05
uhpB,-1.05
c4243,-1.05
yjhE,-1.06
yhdY,-1.06
ygeX,-1.06
c4934,-1.07
yhiS,-1.07
yhbO,-1.08
yjfO,-1.08
ygfK,-1.08
ssnA,-1.08
c0134,-1.08
yidZ,-1.09
yidJ,-1.09
nrfB,-1.09
yifN,-1.09
metA,-1.09
c2092,-1.09
Z5187,-1.1
yjfC,-1.1
yjfJ,-1.1
ygfU,-1.1
yhiF,-1.1
yicL,-1.11
Z3401,-1.11
yafF,-1.11
uhpC,-1.11
yniA,-1.11
c5135,-1.11
c5065,-1.12
yhhZ,-1.12
yigF,-1.12
wecG,-1.12
malK,-1.12
yheE,-1.13
yjgG_1,-1.13
c4712,-1.13
agaB,-1.13
agaI,-1.13
pbl,-1.13
elfC,-1.13
c2646,-1.13
yicJ,-1.14
c4645,-1.14
sbp,-1.14
ugpA,-1.14
cmtB,-1.14
c2041,-1.14
c5051,-1.14
c4391,-1.15
c4605,-1.15
cdh,-1.15
Z4367,-1.15
srlA_1,-1.15
rhaT,-1.16
c0784,-1.16
psrO,-1.17
bioC,-1.17
c0567,-1.17
ygfO,-1.17
yibG,-1.17
c4689,-1.18
yraI,-1.18
c2748,-1.18
Z4217,-1.18
bglB,-1.19
ECs5497,-1.19
agaC,-1.19
tdcR,-1.19
yhcA,-1.19
yhjH,-1.19
ygfM,-1.19
yihO,-1.2
Z5814,-1.2
uhpT,-1.2
yjfI,-1.2
yjgN,-1.21
c4302,-1.21
yigG,-1.22
srlB,-1.22
Z5178,-1.23
Z4773,-1.23
yihG,-1.23
ECs5537,-1.23
php,-1.24
Z5547,-1.24
c2070,-1.25
acrF_1,-1.27
c4472,-1.27
Z3954,-1.28
yafU,-1.29
c3829,-1.29
c1515,-1.29
yidL,-1.3
ompT,-1.3
srlD,-1.3
yhiL,-1.3
envR,-1.32
c0141,-1.32
c4195,-1.32
yqgD,-1.32
yidP,-1.34
c4226,-1.35
c0547,-1.35
yihF,-1.36
yhcP,-1.36
acrE,-1.37
ypjC,-1.38
Z5826,-1.39
c2328,-1.39
yhdW,-1.4
yhdU,-1.4
dcuB,-1.4
yjbL,-1.4
yhdJ,-1.41
c4656,-1.41
c4858,-1.41
Z3125,-1.41
c1655,-1.42
yjbM,-1.43
c4854,-1.43
c3835,-1.43
yiiL,-1.44
c5361,-1.44
setC,-1.45
c5390,-1.45
c0161,-1.46
dgoT,-1.47
cbrB,-1.47
ssuE,-1.47
ECs4593,-1.48
ECs5460,-1.49
c4720,-1.5
frvA,-1.51
ybbV,-1.54
c4574,-1.55
c3016,-1.58
ECs3459,-1.59
c4813,-1.6
malF,-1.64
c1010,-1.65
yrhA,-1.66
c0569,-1.66
c0094,-1.66
c4965,-1.7
c4584,-1.71
c4305,-1.72
yjgG_2,-1.72
malG,-1.75
ECs5541,-1.77
malM,-1.77
c4814,-1.78
c4647,-1.8
c4805,-1.81
c4110,-1.83
glvC,-1.86
arpA,-1.87
Z4614,-1.88
c3466,-1.9
yjaA,-1.91
ECs5362,-1.91
c4371,-1.92
c4230,-1.99
c4610,-2.02
hokA,-2.05
c4860,-2.06
c3915,-2.14
c3811,-2.15
ECs5562,-2.27
lamB,-2.31
c3369,-2.45
c4249,-3.42
